Županije;County of;Towns/municipalities;Number of population, 2011 Census;Number of population, 2021 Census;Live births2011.;Live births2012.;Live births2013.;Live births2014.;Live births2015.;Live births2016.;Live births2017.;Live births2018.;Live births2019.;Live births2020.;Live births2021.;Live births2022.;Live births2023.;Deaths2011.;Deaths2012.;Deaths2013.;Deaths2014.;Deaths2015.;Deaths2016.;Deaths2017.;Deaths2018.;Deaths2019.;Deaths2020.;Deaths2021.;Deaths2022.;Deaths2023.
Zagrebačka;Zagreb;Bedenica;1.432;1.266;18;18;12;13;10;9;10;12;7;18;11;16;20;17;28;19;18;18;18;18;14;17;15;23;17;18
Zagrebačka;Zagreb;Bistra;6.632;6.444;58;64;45;54;42;57;42;58;66;45;56;55;59;66;86;85;78;82;89;85;69;74;80;86;84;84
Zagrebačka;Zagreb;Brckovljani;6.837;5.876;88;77;64;71;56;45;48;61;67;62;58;62;63;66;73;56;65;73;69;67;60;73;65;83;71;64
Zagrebačka;Zagreb;Brdovec;11.134;10.737;117;114;113;112;94;108;121;94;88;90;96;104;93;70;110;122;110;122;122;118;130;125;114;157;152;116
Zagrebačka;Zagreb;Dubrava;5.245;4.520;54;35;42;34;27;35;41;44;36;39;41;27;26;89;117;94;92;105;90;79;80;79;61;95;83;60
Zagrebačka;Zagreb;Dubravica;1.437;1.192;20;10;14;14;11;11;6;10;5;13;4;16;8;23;17;22;29;26;20;26;19;18;15;19;21;22
Zagrebačka;Zagreb;Dugo Selo;17.466;17.676;212;242;231;216;195;190;187;177;151;186;190;211;184;119;132;154;146;151;127;156;140;158;180;184;175;147
Zagrebačka;Zagreb;Farkaševac;1.937;1.562;14;10;11;17;10;11;18;18;12;13;18;15;11;22;29;29;37;33;31;26;26;34;37;33;30;20
Zagrebačka;Zagreb;Gradec;3.681;3.189;34;42;36;21;21;28;24;27;27;30;17;20;25;52;52;43;44;54;40;47;47;38;46;70;56;38
Zagrebačka;Zagreb;Ivanić-Grad;14.548;12.982;143;146;136;128;134;132;138;145;143;132;128;124;122;179;163;172;142;199;172;191;159;158;178;229;159;168
Zagrebačka;Zagreb;Jakovlje;3.930;3.797;38;50;43;33;36;34;24;30;40;46;52;33;35;52;57;46;52;60;45;53;51;46;56;70;52;41
Zagrebačka;Zagreb;Jastrebarsko;15.866;14.562;147;143;132;153;132;135;154;136;129;123;113;129;116;204;223;226;230;212;223;216;212;177;242;269;213;243
Zagrebačka;Zagreb;Klinča Sela;5.231;5.044;41;45;54;32;35;49;36;39;41;28;53;52;42;58;64;79;53;74;62;67;48;48;79;78;56;60
Zagrebačka;Zagreb;Kloštar Ivanić;6.091;5.523;69;57;57;57;69;53;45;37;50;60;60;54;55;67;65;66;59;73;61;62;72;65;83;88;82;70
Zagrebačka;Zagreb;Krašić;2.640;2.250;22;20;17;18;17;14;17;17;18;12;7;16;11;55;46;47;53;54;32;55;48;49;50;45;62;45
Zagrebačka;Zagreb;Kravarsko;1.987;1.824;21;16;25;20;16;20;17;16;31;21;21;16;17;24;26;31;28;28;26;24;34;24;21;26;26;23
Zagrebačka;Zagreb;Križ;6.963;6.098;56;65;51;60;53;61;52;53;56;57;64;50;55;83;101;98;93;104;96;96;99;90;91;115;83;99
Zagrebačka;Zagreb;Luka;1.351;1.265;18;18;21;15;13;12;13;16;11;6;7;15;10;20;22;24;16;23;22;18;18;19;20;20;20;26
Zagrebačka;Zagreb;Marija Gorica;2.233;2.094;15;20;21;27;14;21;22;13;19;16;18;17;12;33;24;34;12;37;32;27;45;24;27;34;42;29
Zagrebačka;Zagreb;Orle;1.975;1.765;22;21;25;15;14;16;20;16;17;9;23;17;21;26;29;31;28;29;28;40;34;31;34;27;31;29
Zagrebačka;Zagreb;Pisarovina;3.689;3.484;32;35;17;38;30;32;28;37;32;24;29;29;24;64;55;56;57;54;48;58;52;58;65;67;55;52
Zagrebačka;Zagreb;Pokupsko;2.224;1.926;11;14;18;15;21;16;12;18;17;12;19;17;14;28;55;45;33;28;46;28;42;33;34;37;38;45
Zagrebačka;Zagreb;Preseka;1.448;1.129;14;12;10;8;8;13;6;8;10;10;9;13;5;23;30;26;30;21;22;30;31;31;23;35;29;6
Zagrebačka;Zagreb;Pušća;2.700;2.564;33;27;23;29;24;18;19;21;22;26;15;26;20;23;36;21;25;28;34;27;34;31;35;29;30;31
Zagrebačka;Zagreb;Rakovec;1.252;1.141;10;14;9;14;8;5;7;6;6;9;10;5;8;22;21;15;20;23;15;12;17;9;23;20;12;17
Zagrebačka;Zagreb;Rugvica;7.871;7.133;70;78;79;81;80;77;65;64;70;67;70;63;84;67;57;79;72;100;71;67;88;79;79;93;88;88
Zagrebačka;Zagreb;Samobor;37.633;37.435;394;362;354;332;345;329;320;322;339;346;363;296;281;429;437;404;418;434;395;391;449;412;491;551;429;420
Zagrebačka;Zagreb;Stupnik;3.735;3.886;38;40;44;44;37;25;31;34;32;32;39;32;27;28;30;32;31;35;38;39;32;33;37;46;38;39
Zagrebačka;Zagreb;Sveta Nedelja;18.059;18.221;226;203;167;183;166;164;141;153;158;177;161;156;152;149;144;165;146;152;149;162;169;198;204;209;177;168
Zagrebačka;Zagreb;Sveti Ivan Zelina;15.959;14.602;174;151;157;116;90;138;126;120;111;133;145;134;136;229;221;219;210;188;191;207;198;198;211;234;217;181
Zagrebačka;Zagreb;Velika Gorica;63.517;61.075;670;706;681;599;559;557;596;605;579;600;587;564;566;555;573;573;594;639;581;636;664;649;736;825;769;703
Zagrebačka;Zagreb;Vrbovec;14.797;12.981;136;128;126;93;105;125;120;122;103;132;132;131;106;158;151;145;159;165;180;179;154;143;174;195;172;165
Zagrebačka;Zagreb;Zaprešić;25.223;24.133;256;281;238;261;230;215;207;223;245;219;212;210;203;211;219;214;204;225;223;261;239;226;266;306;243;263
Zagrebačka;Zagreb;Žumberak;883;609;4;3;4;7;10;4;4;2;2;1;2;1;1;31;22;33;28;43;24;20;16;28;18;30;24;22
Krapinsko-zagorska;Krapina-Zagorje;Bedekovčina;8.041;7.340;86;86;84;79;72;71;69;84;54;64;60;59;50;106;99;87;101;88;105;109;109;104;108;123;108;85
Krapinsko-zagorska;Krapina-Zagorje;Budinščina;2.503;2.182;18;21;18;25;23;17;22;24;25;27;23;26;23;36;38;47;42;36;37;38;25;22;44;49;42;31
Krapinsko-zagorska;Krapina-Zagorje;Desinić;2.933;2.530;16;28;16;26;20;23;13;16;14;18;21;21;21;90;67;54;63;63;64;47;52;43;42;49;46;39
Krapinsko-zagorska;Krapina-Zagorje;Donja Stubica;5.680;5.326;51;56;58;45;51;61;53;50;53;44;41;45;35;59;65;58;56;67;72;80;90;54;75;77;55;68
Krapinsko-zagorska;Krapina-Zagorje;Đurmanec;4.235;3.781;34;32;29;37;27;34;29;32;40;45;41;31;27;34;35;46;53;64;51;55;63;57;67;47;61;53
Krapinsko-zagorska;Krapina-Zagorje;Gornja Stubica;5.284;4.622;47;45;43;47;41;36;39;46;39;48;51;51;38;63;70;73;71;79;68;70;70;66;82;75;76;77
Krapinsko-zagorska;Krapina-Zagorje;Hrašćina;1.617;1.388;12;12;9;14;16;13;14;14;15;10;12;5;9;37;38;22;25;25;25;25;20;34;31;23;27;36
Krapinsko-zagorska;Krapina-Zagorje;Hum na Sutli;5.060;4.592;43;45;37;35;34;44;35;51;34;27;34;37;33;70;61;64;76;55;70;63;61;50;71;72;61;61
Krapinsko-zagorska;Krapina-Zagorje;Jesenje;1.560;1.371;18;9;11;10;24;11;12;21;15;13;14;16;21;22;23;24;27;20;18;22;18;14;30;19;16;18
Krapinsko-zagorska;Krapina-Zagorje;Klanjec;2.915;2.548;24;28;23;25;24;30;19;26;32;15;36;20;17;46;40;39;45;48;37;41;37;41;46;44;53;35
Krapinsko-zagorska;Krapina-Zagorje;Konjščina;3.790;3.308;34;39;19;34;21;24;24;32;19;23;30;28;26;75;55;66;60;56;51;45;56;42;66;65;46;40
Krapinsko-zagorska;Krapina-Zagorje;Kraljevec na Sutli;1.727;1.591;18;12;11;13;7;18;16;14;10;8;13;12;20;25;26;31;32;29;22;35;26;20;24;21;35;33
Krapinsko-zagorska;Krapina-Zagorje;Krapina;12.480;11.530;117;107;113;109;99;102;103;88;99;92;104;96;94;154;155;155;142;157;160;160;178;169;186;178;178;173
Krapinsko-zagorska;Krapina-Zagorje;Krapinske Toplice;5.367;4.827;54;49;39;39;34;35;45;35;40;37;54;43;48;81;90;82;84;87;76;101;78;74;63;95;90;83
Krapinsko-zagorska;Krapina-Zagorje;Kumrovec;1.588;1.412;14;8;7;15;5;9;9;14;11;12;6;12;7;15;18;25;24;23;15;20;18;36;27;25;29;24
Krapinsko-zagorska;Krapina-Zagorje;Lobor;3.188;2.703;25;30;27;24;23;30;26;15;13;23;17;23;23;57;77;74;67;58;60;60;47;46;37;40;45;37
Krapinsko-zagorska;Krapina-Zagorje;Mače;2.534;2.258;19;21;26;20;19;21;26;18;25;24;22;18;17;36;26;44;38;39;35;37;28;30;43;53;39;29
Krapinsko-zagorska;Krapina-Zagorje;Marija Bistrica;5.976;5.553;41;52;64;51;33;56;41;52;60;55;49;46;50;92;88;84;86;95;85;72;73;82;71;94;77;90
Krapinsko-zagorska;Krapina-Zagorje;Mihovljan;1.938;1.677;13;15;13;8;11;17;18;14;13;14;9;14;11;35;22;32;35;34;31;32;40;31;29;24;43;36
Krapinsko-zagorska;Krapina-Zagorje;Novi Golubovec;996;824;11;8;8;11;12;4;2;4;6;8;3;5;5;13;6;12;13;11;8;13;19;14;16;18;14;13
Krapinsko-zagorska;Krapina-Zagorje;Oroslavje;6.138;5.834;60;49;58;54;44;40;53;47;60;49;49;55;38;70;95;77;82;68;76;88;83;87;84;85;86;80
Krapinsko-zagorska;Krapina-Zagorje;Petrovsko;2.656;2.270;21;21;28;30;22;27;35;24;19;25;27;19;17;38;44;49;42;41;38;39;47;47;45;38;37;38
Krapinsko-zagorska;Krapina-Zagorje;Pregrada;6.594;5.927;62;67;55;62;59;51;47;54;61;56;47;70;54;108;105;110;99;89;108;111;116;81;113;106;88;94
Krapinsko-zagorska;Krapina-Zagorje;Radoboj;3.387;2.981;33;31;33;29;18;23;27;26;27;25;24;26;22;42;60;48;48;46;38;48;53;42;47;69;39;44
Krapinsko-zagorska;Krapina-Zagorje;Stubičke Toplice;2.805;2.740;17;24;22;20;14;24;20;23;14;20;22;29;22;27;38;44;29;35;40;33;52;36;51;47;46;31
Krapinsko-zagorska;Krapina-Zagorje;Sveti Križ Začretje;6.165;5.659;62;51;54;61;49;38;62;46;54;58;67;49;39;91;97;94;81;81;74;74;82;56;95;81;92;96
Krapinsko-zagorska;Krapina-Zagorje;Tuhelj;2.104;2.043;20;24;25;15;18;13;16;20;19;20;20;21;13;34;27;36;31;34;33;28;30;38;45;37;28;24
Krapinsko-zagorska;Krapina-Zagorje;Veliko Trgovišće;4.945;4.448;41;36;42;39;53;35;49;39;32;40;34;39;37;63;79;71;66;71;74;72;56;75;73;86;76;48
Krapinsko-zagorska;Krapina-Zagorje;Zabok;8.994;8.656;87;82;84;85;72;79;64;91;66;86;68;77;70;114;112;93;110;107;115;98;128;99;130;133;115;110
Krapinsko-zagorska;Krapina-Zagorje;Zagorska Sela;996;899;12;12;6;9;12;6;3;9;5;3;3;3;2;22;16;18;12;19;15;16;18;24;22;15;21;14
Krapinsko-zagorska;Krapina-Zagorje;Zlatar;6.096;5.574;51;61;58;67;60;49;54;56;43;45;55;51;40;77;82;88;88;89;91;84;102;82;83;95;84;65
Krapinsko-zagorska;Krapina-Zagorje;Zlatar-Bistrica;2.600;2.308;18;29;32;15;20;10;23;25;18;15;24;19;21;35;44;35;40;30;42;29;31;29;33;32;30;29
Sisačko-moslavačka;Sisak-Moslavina;Donji Kukuruzari;1.634;1.080;13;13;8;12;9;5;11;9;11;4;12;6;7;31;21;29;28;30;28;28;36;22;20;23;27;9
Sisačko-moslavačka;Sisak-Moslavina;Dvor;5.570;2.996;21;21;27;19;16;21;13;12;11;11;12;15;10;119;99;117;109;111;90;117;109;109;109;101;97;72
Sisačko-moslavačka;Sisak-Moslavina;Glina;9.283;7.116;68;70;60;62;66;49;51;48;60;60;62;60;50;187;206;170;205;191;160;177;164;151;185;179;143;153
Sisačko-moslavačka;Sisak-Moslavina;Gvozd;2.970;2.047;12;19;13;13;8;20;14;11;11;11;8;12;12;81;69;73;81;55;63;69;68;62;69;83;46;73
Sisačko-moslavačka;Sisak-Moslavina;Hrvatska Dubica;2.089;1.462;16;12;11;13;13;9;12;15;6;9;9;11;12;36;39;38;37;38;43;26;38;35;35;39;36;27
Sisačko-moslavačka;Sisak-Moslavina;Hrvatska Kostajnica;2.756;1.879;20;15;23;22;18;23;17;16;9;12;16;8;10;35;45;30;36;42;51;41;37;40;35;34;46;41
Sisačko-moslavačka;Sisak-Moslavina;Jasenovac;1.997;1.559;17;14;11;14;13;11;5;9;13;9;8;16;6;42;38;34;33;46;33;34;33;46;50;39;32;31
Sisačko-moslavačka;Sisak-Moslavina;Kutina;22.760;19.601;226;224;178;220;188;210;193;193;183;192;183;181;159;261;231;255;274;276;248;295;281;250;275;283;340;282
Sisačko-moslavačka;Sisak-Moslavina;Lekenik;6.032;5.343;55;50;43;36;37;53;41;37;51;44;35;39;35;75;96;88;87;83;93;50;85;77;84;91;96;79
Sisačko-moslavačka;Sisak-Moslavina;Lipovljani;3.455;2.807;45;34;24;26;35;20;27;20;27;29;25;27;27;54;41;60;33;46;35;48;50;34;45;56;49;52
Sisačko-moslavačka;Sisak-Moslavina;Majur;1.185;760;9;9;10;3;5;4;2;7;7;1;7;1;1;26;25;24;29;33;24;11;25;21;29;25;25;13
Sisačko-moslavačka;Sisak-Moslavina;Martinska Ves;3.488;2.861;25;30;24;23;15;27;24;27;23;24;27;24;24;70;56;50;62;74;58;58;57;72;49;69;47;41
Sisačko-moslavačka;Sisak-Moslavina;Novska;13.518;11.137;142;164;109;138;122;116;107;98;98;116;105;85;98;182;170;164;162;176;142;150;177;179;165;211;185;160
Sisačko-moslavačka;Sisak-Moslavina;Petrinja;24.671;19.950;218;242;217;195;163;198;191;186;209;178;180;159;147;351;288;339;309;352;339;315;307;344;342;369;349;291
Sisačko-moslavačka;Sisak-Moslavina;Popovača;11.905;10.255;103;117;127;112;107;120;107;120;116;123;109;93;123;144;132;151;158;167;129;133;133;156;169;151;151;120
Sisačko-moslavačka;Sisak-Moslavina;Sisak;47.768;40.121;406;399;359;421;378;373;335;327;332;329;319;308;298;679;629;612;629;674;656;668;701;639;765;740;723;624
Sisačko-moslavačka;Sisak-Moslavina;Sunja;5.748;4.124;43;58;46;33;32;39;43;32;24;23;25;15;24;125;103;126;111;136;92;131;116;109;96;104;105;105
Sisačko-moslavačka;Sisak-Moslavina;Topusko;2.985;2.222;21;27;21;19;18;18;15;18;12;9;11;9;14;50;48;57;55;60;53;56;63;56;41;51;54;46
Sisačko-moslavačka;Sisak-Moslavina;Velika Ludina;2.625;2.283;26;25;26;22;28;27;21;30;19;17;23;15;26;19;49;36;37;29;31;33;38;38;45;37;32;34
Karlovačka;Karlovac;Barilović;2.990;2.673;32;41;22;26;32;37;27;25;36;21;22;17;34;56;49;45;60;56;47;45;37;39;49;48;52;54
Karlovačka;Karlovac;Bosiljevo;1.284;1.040;8;10;11;9;7;9;3;10;9;4;11;6;10;26;30;29;30;24;24;24;29;23;21;23;25;19
Karlovačka;Karlovac;Cetingrad;2.027;1.491;20;16;24;18;19;15;17;19;13;12;11;10;14;49;34;37;51;39;19;27;37;43;38;39;35;34
Karlovačka;Karlovac;Draganić;2.741;2.541;21;23;23;28;32;24;28;32;26;20;27;27;21;48;39;43;43;52;40;34;37;42;35;59;40;42
Karlovačka;Karlovac;Duga Resa;11.180;10.212;83;107;87;81;82;95;99;83;98;97;72;76;76;159;153;147;159;164;120;142;150;154;179;192;186;158
Karlovačka;Karlovac;Generalski Stol;2.642;2.171;16;19;18;23;13;16;12;24;17;24;16;9;18;51;69;48;50;48;45;49;47;50;51;61;52;48
Karlovačka;Karlovac;Josipdol;3.773;3.419;34;30;40;34;28;36;35;47;36;37;34;29;22;61;57;59;61;55;50;66;59;63;46;70;69;48
Karlovačka;Karlovac;Kamanje;891;827;11;2;10;10;8;6;3;9;4;10;12;6;6;13;12;17;12;8;7;13;16;13;10;11;10;4
Karlovačka;Karlovac;Karlovac;55.705;49.377;431;466;453;419;406;387;421;393;396;357;376;348;361;773;720;704;721;821;721;752;742;723;845;975;767;767
Karlovačka;Karlovac;Krnjak;1.985;1.332;12;13;10;8;12;20;8;8;9;9;7;3;8;34;39;35;37;38;39;27;38;43;27;39;28;22
Karlovačka;Karlovac;Lasinja;1.624;1.322;8;12;10;15;11;14;14;9;9;12;5;11;14;36;25;42;39;34;29;40;22;29;41;37;35;28
Karlovačka;Karlovac;Netretić;2.862;2.439;26;23;23;23;20;24;17;22;17;25;17;21;24;67;50;61;71;53;53;51;57;50;56;64;48;30
Karlovačka;Karlovac;Ogulin;13.915;12.246;122;115;121;114;98;111;96;100;109;107;96;83;93;196;220;167;201;179;173;190;196;172;229;223;197;208
Karlovačka;Karlovac;Ozalj;6.817;5.837;55;58;62;60;57;60;58;55;40;50;42;42;51;117;116;111;132;99;106;99;114;97;105;117;90;92
Karlovačka;Karlovac;Plaški;2.090;1.650;19;14;25;16;16;18;10;24;16;17;18;14;14;46;53;34;29;44;36;45;51;31;33;50;55;22
Karlovačka;Karlovac;Rakovica;2.387;2.230;14;12;16;33;17;17;16;16;21;21;19;18;19;23;34;22;41;35;27;33;33;33;42;39;49;31
Karlovačka;Karlovac;Ribnik;475;362;1;3;1;-;4;1;-;1;-;2;-;1;2;16;11;8;6;13;10;7;11;5;14;12;12;9
Karlovačka;Karlovac;Saborsko;632;466;6;1;3;4;2;1;7;6;6;3;2;3;4;16;22;14;18;22;27;13;25;16;24;15;16;13
Karlovačka;Karlovac;Slunj;5.076;4.224;29;29;37;28;34;33;31;32;32;43;31;29;23;92;103;84;109;112;105;94;97;94;104;113;98;87
Karlovačka;Karlovac;Tounj;1.150;1.002;11;6;2;10;10;14;8;6;3;7;9;9;9;21;28;21;19;27;14;26;23;17;18;28;22;16
Karlovačka;Karlovac;Vojnić;4.764;3.602;36;33;34;38;26;34;25;30;22;15;20;16;16;96;70;90;86;74;73;70;91;64;87;79;71;64
Karlovačka;Karlovac;Žakanje;1.889;1.732;24;18;16;14;18;13;12;11;14;11;13;14;6;20;22;31;26;30;22;24;21;32;22;22;33;18
Varaždinska;Varaždin;Bednja;3.992;3.389;29;25;34;25;34;31;25;20;20;18;24;26;31;74;76;62;61;64;57;67;70;63;59;75;66;52
Varaždinska;Varaždin;Beretinec;2.176;2.049;23;19;15;25;15;19;21;18;15;10;19;22;15;32;24;22;23;16;26;29;17;28;29;31;18;23
Varaždinska;Varaždin;Breznica;2.200;1.970;20;21;29;9;15;16;24;21;19;20;21;12;19;29;28;39;20;26;35;36;31;31;32;45;31;25
Varaždinska;Varaždin;Breznički Hum;1.356;1.132;11;12;10;4;11;10;9;7;14;15;10;9;3;34;21;22;22;22;28;27;21;22;14;29;19;22
Varaždinska;Varaždin;Cestica;5.806;5.425;57;57;52;46;55;56;59;78;62;57;59;55;54;65;84;87;70;86;64;91;88;81;81;73;62;89
Varaždinska;Varaždin;Donja Voća;2.443;2.030;17;19;17;20;22;12;12;21;24;18;21;14;17;41;43;41;28;45;34;35;25;25;34;43;44;29
Varaždinska;Varaždin;Gornji Kneginec;5.349;4.900;45;43;36;39;60;46;36;55;51;34;46;44;40;66;52;64;49;68;70;55;66;78;83;74;63;69
Varaždinska;Varaždin;Ivanec;13.758;12.723;138;130;120;109;118;126;106;106;124;88;137;95;95;178;177;193;157;181;156;164;156;189;169;200;149;162
Varaždinska;Varaždin;Jalžabet;3.615;3.183;20;23;24;25;25;26;27;27;29;34;21;24;25;48;48;49;46;56;46;37;44;54;60;48;49;56
Varaždinska;Varaždin;Klenovnik;2.022;1.793;19;16;22;13;20;15;19;12;16;23;19;14;17;34;35;30;33;31;38;19;30;24;22;28;30;17
Varaždinska;Varaždin;Lepoglava;8.283;6.945;64;65;67;50;60;56;51;43;51;53;55;48;54;105;121;99;107;100;104;94;102;100;111;133;114;81
Varaždinska;Varaždin;Ludbreg;8.478;8.477;76;84;82;75;68;69;75;71;81;71;80;62;54;100;90;110;103;130;120;117;98;112;136;142;123;101
Varaždinska;Varaždin;Ljubešćica;1.858;1.689;10;23;14;12;15;18;16;21;16;21;15;5;10;23;28;21;21;26;27;25;18;21;27;26;14;35
Varaždinska;Varaždin;Mali Bukovec;2.212;1.809;18;16;23;22;20;18;20;17;16;20;11;17;17;41;39;38;36;39;28;48;29;33;37;42;30;33
Varaždinska;Varaždin;Martijanec;3.843;2.638;36;28;25;26;32;24;26;25;40;23;16;27;16;79;61;45;37;53;49;52;46;40;51;55;45;45
Varaždinska;Varaždin;Maruševec;6.381;5.682;52;65;46;56;47;51;56;52;48;58;42;37;30;85;99;91;87;94;95;94;103;82;90;111;92;81
Varaždinska;Varaždin;Novi Marof;13.246;11.795;109;123;125;111;104;110;102;127;105;93;114;95;86;164;153;151;153;162;165;141;139;166;185;204;154;160
Varaždinska;Varaždin;Petrijanec;4.812;4.553;74;69;52;63;72;82;64;70;66;59;83;59;68;57;49;54;59;60;61;58;47;50;55;77;76;53
Varaždinska;Varaždin;Sračinec;4.842;4.678;48;54;47;52;44;52;46;50;40;51;26;30;34;51;39;46;60;57;46;48;57;63;63;60;64;55
Varaždinska;Varaždin;Sveti Đurđ;3.804;3.326;35;32;41;39;32;32;27;23;28;27;30;34;20;38;59;53;63;56;54;48;54;49;59;55;56;38
Varaždinska;Varaždin;Sveti Ilija;3.511;3.242;28;44;30;35;31;34;33;29;24;32;28;26;18;28;43;36;44;39;38;54;37;35;46;54;46;37
Varaždinska;Varaždin;Trnovec Bartolovečki;6.884;6.145;72;53;53;44;50;56;56;57;50;41;53;53;27;76;87;60;77;81;73;75;77;87;88;108;94;64
Varaždinska;Varaždin;Varaždin;46.946;43.782;403;427;404;400;363;381;339;341;345;337;338;336;328;522;556;518;523;620;514;624;575;562;675;772;657;580
Varaždinska;Varaždin;Varaždinske Toplice;6.364;5.537;63;79;56;50;44;58;38;56;41;39;47;44;27;65;80;74;79;90;100;74;89;91;102;100;86;68
Varaždinska;Varaždin;Veliki Bukovec;1.438;1.325;8;10;9;14;6;8;13;10;17;12;13;14;11;18;18;19;20;24;19;24;23;23;18;18;21;22
Varaždinska;Varaždin;Vidovec;5.425;4.915;54;52;42;44;43;55;48;46;53;39;45;47;39;60;62;52;56;60;64;61;61;49;64;71;65;51
Varaždinska;Varaždin;Vinica;3.389;3.020;43;37;32;35;42;28;38;19;33;30;37;33;20;51;54;57;47;47;56;42;45;40;39;56;41;39
Varaždinska;Varaždin;Visoko;1.518;1.335;22;17;12;16;7;13;14;13;11;16;15;13;9;23;25;21;13;33;16;15;31;32;25;34;18;25
Koprivničko-križevačka;Koprivnica-Križevci;Drnje;1.863;1.533;13;18;17;18;18;12;16;19;14;21;16;16;12;31;27;24;21;27;27;23;33;34;28;37;26;23
Koprivničko-križevačka;Koprivnica-Križevci;Đelekovec;1.533;1.281;8;9;10;12;14;7;6;14;15;6;6;11;6;35;24;31;19;23;34;28;24;31;23;22;24;20
Koprivničko-križevačka;Koprivnica-Križevci;Đurđevac;8.264;7.378;85;82;94;87;82;101;84;80;72;76;87;73;57;120;98;96;103;126;125;105;83;102;106;141;117;102
Koprivničko-križevačka;Koprivnica-Križevci;Ferdinandovac;1.750;1.415;9;16;15;15;15;6;14;16;6;9;13;12;11;28;35;27;28;41;31;34;32;24;22;38;41;32
Koprivničko-križevačka;Koprivnica-Križevci;Gola;2.431;2.078;25;22;21;18;18;17;38;22;31;30;33;26;23;46;50;50;41;43;41;41;38;34;42;47;39;41
Koprivničko-križevačka;Koprivnica-Križevci;Gornja Rijeka;1.779;1.559;10;16;22;22;13;21;8;20;25;13;14;14;15;26;32;25;43;29;25;30;23;18;24;45;37;25
Koprivničko-križevačka;Koprivnica-Križevci;Hlebine;1.304;1.180;9;8;21;12;14;12;10;11;9;10;10;9;5;27;18;23;27;24;16;22;16;22;21;24;29;20
Koprivničko-križevačka;Koprivnica-Križevci;Kalinovac;1.597;1.297;21;14;13;17;12;8;11;9;11;11;9;7;12;32;29;29;22;27;27;28;21;25;24;29;33;12
Koprivničko-križevačka;Koprivnica-Križevci;Kalnik;1.351;1.154;14;9;14;21;14;15;6;11;5;8;12;10;3;27;30;30;24;15;23;36;19;19;17;20;16;21
Koprivničko-križevačka;Koprivnica-Križevci;Kloštar Podravski;3.306;2.749;27;36;35;38;36;30;35;42;29;41;30;22;27;54;52;38;50;53;39;51;50;42;52;51;45;49
Koprivničko-križevačka;Koprivnica-Križevci;Koprivnica;30.854;28.580;322;329;288;301;263;268;260;247;271;256;230;226;216;280;287;277;329;316;365;334;344;331;400;405;424;352
Koprivničko-križevačka;Koprivnica-Križevci;Koprivnički Bregi;2.381;1.968;17;18;16;13;18;21;16;21;15;19;25;21;32;19;33;34;26;39;33;40;41;34;36;46;36;28
Koprivničko-križevačka;Koprivnica-Križevci;Koprivnički Ivanec;2.121;1.798;14;14;18;17;13;21;11;16;17;23;14;22;22;33;35;23;30;29;37;31;29;21;48;25;36;38
Koprivničko-križevačka;Koprivnica-Križevci;Križevci;21.122;18.949;206;218;181;175;200;165;163;190;156;170;185;141;169;274;259;239;256;288;299;282;286;256;279;320;307;261
Koprivničko-križevačka;Koprivnica-Križevci;Legrad;2.241;1.916;20;14;15;14;13;16;14;27;17;16;14;16;19;57;57;41;38;52;47;38;36;42;41;41;57;37
Koprivničko-križevačka;Koprivnica-Križevci;Molve;2.189;1.767;18;21;21;19;22;28;19;20;23;20;23;14;14;45;30;34;37;40;25;36;42;37;41;50;29;29
Koprivničko-križevačka;Koprivnica-Križevci;Novigrad Podravski;2.872;2.300;15;20;31;30;23;24;32;19;35;22;26;22;24;48;55;48;32;42;56;53;36;39;53;47;51;42
Koprivničko-križevačka;Koprivnica-Križevci;Novo Virje;1.216;1.026;18;9;10;13;12;5;11;11;9;11;11;8;8;12;21;18;18;20;21;22;15;18;15;22;20;19
Koprivničko-križevačka;Koprivnica-Križevci;Peteranec;2.704;2.300;34;25;45;33;24;31;33;32;32;21;21;28;28;39;35;36;51;37;32;48;47;50;49;47;31;30
Koprivničko-križevačka;Koprivnica-Križevci;Podravske Sesvete;1.630;1.446;19;21;19;16;17;17;15;13;14;4;21;13;11;37;21;23;16;19;34;29;24;18;27;25;19;21
Koprivničko-križevačka;Koprivnica-Križevci;Rasinja;3.267;2.631;32;24;34;24;26;28;20;30;25;23;21;28;24;52;56;45;56;54;65;48;55;48;41;59;52;51
Koprivničko-križevačka;Koprivnica-Križevci;Sokolovac;3.417;2.789;34;25;38;28;23;24;29;25;20;16;20;19;19;64;61;56;53;65;43;57;62;59;62;64;64;51
Koprivničko-križevačka;Koprivnica-Križevci;Sveti Ivan Žabno;5.222;4.343;50;46;56;53;44;57;55;36;57;53;48;40;38;77;94;76;107;80;76;70;77;74;75;87;77;63
Koprivničko-križevačka;Koprivnica-Križevci;Sveti Petar Orehovec;4.583;3.942;53;41;47;38;40;48;44;31;36;41;41;43;36;65;71;63;73;69;73;65;40;70;72;85;68;47
Koprivničko-križevačka;Koprivnica-Križevci;Virje;4.587;3.842;35;37;32;25;36;30;27;36;32;32;43;43;38;79;65;70;73;68;70;73;65;66;56;80;68;75
Bjelovarsko-bilogorska;Bjelovar-Bilogora;Berek;1.443;1.106;20;14;14;10;10;16;8;12;12;14;14;8;11;35;31;29;22;33;20;30;36;23;24;23;33;19
Bjelovarsko-bilogorska;Bjelovar-Bilogora;Bjelovar;40.276;36.316;381;371;384;362;340;308;339;313;329;349;344;317;305;475;498;473;486;533;468;521;468;511;568;676;518;443
Bjelovarsko-bilogorska;Bjelovar-Bilogora;Čazma;8.077;6.930;73;68;74;65;75;69;63;62;86;65;65;66;65;121;111;154;113;107;134;120;121;98;112;139;121;112
Bjelovarsko-bilogorska;Bjelovar-Bilogora;Daruvar;11.633;10.105;88;115;110;96;77;90;79;81;87;71;87;80;66;136;153;134;148;167;148;149;169;145;180;153;165;164
Bjelovarsko-bilogorska;Bjelovar-Bilogora;Dežanovac;2.715;1.978;17;26;18;19;17;17;18;22;15;19;12;17;17;43;47;47;53;45;50;38;56;46;58;58;32;32
Bjelovarsko-bilogorska;Bjelovar-Bilogora;Đulovac;3.245;2.772;44;58;37;33;38;41;42;48;47;38;47;43;34;39;45;43;37;37;50;42;49;35;41;38;30;28
Bjelovarsko-bilogorska;Bjelovar-Bilogora;Garešnica;10.472;8.624;83;91;92;90;81;76;76;80;77;66;68;86;79;139;158;147;117;149;129;157;140;126;121;136;140;121
Bjelovarsko-bilogorska;Bjelovar-Bilogora;Grubišno Polje;6.478;5.367;58;63;58;54;64;48;65;56;48;52;52;67;49;100;113;108;87;121;112;97;97;116;91;110;112;80
Bjelovarsko-bilogorska;Bjelovar-Bilogora;Hercegovac;2.383;1.910;12;14;9;19;12;14;16;20;16;15;13;16;18;38;35;38;27;38;44;35;33;31;37;43;30;25
Bjelovarsko-bilogorska;Bjelovar-Bilogora;Ivanska;2.911;2.256;23;26;22;24;16;15;17;27;18;27;29;20;21;71;58;55;44;56;39;51;47;42;49;58;42;48
Bjelovarsko-bilogorska;Bjelovar-Bilogora;Kapela;2.984;2.367;30;28;30;24;23;31;24;26;27;28;28;21;21;51;46;59;47;50;39;52;50;60;55;45;58;33
Bjelovarsko-bilogorska;Bjelovar-Bilogora;Končanica;2.360;1.805;17;18;13;9;14;13;11;8;12;12;14;12;16;53;30;40;45;46;50;41;37;41;40;54;33;34
Bjelovarsko-bilogorska;Bjelovar-Bilogora;Nova Rača;3.433;2.756;26;32;32;25;28;29;17;39;27;27;24;28;22;67;52;66;66;64;68;55;44;28;62;53;45;42
Bjelovarsko-bilogorska;Bjelovar-Bilogora;Rovišće;4.822;4.144;54;57;51;54;40;55;37;56;63;45;46;61;38;45;63;57;61;61;50;65;54;53;61;65;63;49
Bjelovarsko-bilogorska;Bjelovar-Bilogora;Severin;877;702;6;7;11;9;7;4;3;4;7;8;6;6;2;12;15;11;17;13;18;16;7;12;13;10;16;13
Bjelovarsko-bilogorska;Bjelovar-Bilogora;Sirač;2.218;1.796;23;15;22;21;15;24;10;16;18;13;5;14;17;35;35;34;37;43;21;28;30;41;46;38;40;31
Bjelovarsko-bilogorska;Bjelovar-Bilogora;Šandrovac;1.776;1.411;21;14;16;25;13;20;14;16;12;12;16;13;13;34;47;35;22;31;33;18;30;22;37;47;23;28
Bjelovarsko-bilogorska;Bjelovar-Bilogora;Štefanje;2.030;1.688;12;25;28;23;22;24;20;24;23;19;21;26;17;40;41;33;40;45;37;34;35;19;40;40;25;17
Bjelovarsko-bilogorska;Bjelovar-Bilogora;Velika Pisanica;1.781;1.313;15;13;13;14;14;5;12;14;11;15;8;10;11;42;47;36;34;32;33;32;26;33;31;28;46;25
Bjelovarsko-bilogorska;Bjelovar-Bilogora;Velika Trnovitica;1.370;1.091;15;8;12;6;11;12;12;9;11;8;7;8;18;28;24;21;25;25;18;22;24;25;32;15;28;12
Bjelovarsko-bilogorska;Bjelovar-Bilogora;Veliki Grđevac;2.849;2.316;24;25;25;21;29;28;20;29;21;23;22;23;16;58;53;47;50;57;43;45;52;50;48;61;36;47
Bjelovarsko-bilogorska;Bjelovar-Bilogora;Veliko Trojstvo;2.741;2.379;21;28;10;18;19;13;21;19;19;21;21;20;17;48;50;38;56;51;43;44;35;41;45;60;40;48
Bjelovarsko-bilogorska;Bjelovar-Bilogora;Zrinski Topolovac;890;747;10;16;11;19;10;6;6;11;12;12;10;7;5;19;20;20;14;13;10;16;7;6;10;14;19;14
Primorsko-goranska;Primorje-Gorski kotar;Bakar;8.279;7.573;67;62;62;58;57;49;83;54;59;69;64;45;47;66;91;84;84;100;102;102;78;101;105;133;111;108
Primorsko-goranska;Primorje-Gorski kotar;Baška;1.674;1.656;14;19;18;19;15;8;21;13;14;5;12;11;8;28;27;23;30;24;18;24;28;21;32;27;18;29
Primorsko-goranska;Primorje-Gorski kotar;Brod Moravice;866;663;5;8;3;8;7;12;8;8;5;7;4;6;10;27;13;20;9;22;16;18;24;33;15;19;13;18
Primorsko-goranska;Primorje-Gorski kotar;Cres;2.879;2.716;26;19;25;23;13;24;20;18;22;23;19;27;15;32;44;35;38;39;47;34;54;38;31;41;38;33
Primorsko-goranska;Primorje-Gorski kotar;Crikvenica;11.122;9.980;59;78;58;71;69;76;75;68;71;73;75;63;65;131;145;142;128;127;141;149;150;137;161;191;198;138
Primorsko-goranska;Primorje-Gorski kotar;Čabar;3.770;3.226;18;24;32;26;24;21;25;18;18;20;17;16;15;59;65;53;70;59;75;67;50;58;67;60;58;59
Primorsko-goranska;Primorje-Gorski kotar;Čavle;7.220;7.059;56;74;71;74;72;62;58;63;52;47;71;59;45;62;79;76;73;66;65;89;79;81;83;98;82;85
Primorsko-goranska;Primorje-Gorski kotar;Delnice;5.952;5.135;43;51;46;55;45;58;29;56;44;45;47;41;35;72;81;77;80;98;85;80;95;83;85;101;92;82
Primorsko-goranska;Primorje-Gorski kotar;Dobrinj;2.078;2.150;13;15;5;11;21;13;19;14;18;13;17;18;20;29;34;32;39;32;38;41;36;30;38;38;31;34
Primorsko-goranska;Primorje-Gorski kotar;Fužine;1.592;1.394;13;7;15;8;7;9;5;10;7;10;9;5;8;33;23;27;21;30;19;27;26;26;27;27;30;26
Primorsko-goranska;Primorje-Gorski kotar;Jelenje;5.344;5.096;55;42;59;56;51;50;33;41;43;43;36;33;44;60;57;55;47;48;46;70;56;65;73;71;61;54
Primorsko-goranska;Primorje-Gorski kotar;Kastav;10.440;10.202;102;98;89;91;81;83;73;80;91;82;81;66;70;81;71;77;85;90;98;93;104;93;96;133;92;121
Primorsko-goranska;Primorje-Gorski kotar;Klana;1.975;1.845;8;14;11;21;18;19;9;18;7;20;14;12;10;24;25;22;23;22;31;28;26;27;28;25;29;22
Primorsko-goranska;Primorje-Gorski kotar;Kostrena;4.180;4.398;57;42;37;35;47;33;37;41;34;40;30;29;30;47;38;51;47;44;43;54;36;44;47;63;48;51
Primorsko-goranska;Primorje-Gorski kotar;Kraljevica;4.618;4.066;41;42;37;30;24;26;31;27;22;38;33;33;23;54;49;39;46;65;52;63;54;48;48;57;66;50
Primorsko-goranska;Primorje-Gorski kotar;Krk;6.281;6.816;68;64;56;74;73;61;73;70;56;79;54;67;39;72;63;55;67;63;73;62;88;83;78;104;90;99
Primorsko-goranska;Primorje-Gorski kotar;Lokve;1.049;850;12;7;3;4;3;10;9;6;9;4;2;4;2;17;19;12;25;12;15;13;13;24;17;20;12;19
Primorsko-goranska;Primorje-Gorski kotar;Lopar;1.263;1.107;10;17;11;12;12;5;7;14;6;7;15;8;12;6;12;17;13;9;21;20;15;12;12;24;16;24
Primorsko-goranska;Primorje-Gorski kotar;Lovran;4.101;3.527;27;36;26;24;31;34;21;24;27;21;33;23;15;51;49;54;67;49;52;62;57;52;63;59;70;60
Primorsko-goranska;Primorje-Gorski kotar;Mali Lošinj;8.116;7.537;72;67;78;58;74;58;49;45;54;71;66;60;62;85;86;82;89;92;104;98;85;112;81;102;119;102
Primorsko-goranska;Primorje-Gorski kotar;Malinska-Dubašnica;3.134;3.212;27;22;42;29;31;24;51;28;26;24;31;34;24;34;24;28;32;40;36;44;42;37;47;54;42;41
Primorsko-goranska;Primorje-Gorski kotar;Matulji;11.246;10.773;116;99;117;83;110;119;93;80;101;73;95;66;74;115;107;106;133;132;121;129;137;120;138;162;134;127
Primorsko-goranska;Primorje-Gorski kotar;Mošćenička Draga;1.535;1.288;17;10;18;13;14;9;9;8;9;9;11;10;6;29;20;29;15;20;21;14;16;16;24;18;29;13
Primorsko-goranska;Primorje-Gorski kotar;Mrkopalj;1.214;924;10;7;7;9;9;3;2;4;1;8;7;4;3;23;25;22;24;30;26;27;15;20;29;18;19;14
Primorsko-goranska;Primorje-Gorski kotar;Novi Vinodolski;5.113;4.328;39;37;36;28;36;23;31;38;29;38;34;30;32;64;81;75;63;75;54;80;72;86;69;81;75;68
Primorsko-goranska;Primorje-Gorski kotar;Omišalj;2.983;2.992;27;43;33;29;41;38;31;38;35;43;23;26;28;26;22;17;24;22;26;36;35;31;27;42;39;26
Primorsko-goranska;Primorje-Gorski kotar;Opatija;11.659;10.619;94;99;88;90;86;89;78;97;77;93;90;79;69;143;152;138;145;139;144;170;149;149;168;179;177;172
Primorsko-goranska;Primorje-Gorski kotar;Punat;1.973;1.900;10;17;19;16;22;12;13;18;21;14;13;18;11;26;22;26;16;28;22;21;27;27;38;37;33;31
Primorsko-goranska;Primorje-Gorski kotar;Rab;8.065;7.161;65;53;62;69;73;53;63;70;58;73;71;58;60;84;103;81;90;109;100;120;113;111;98;147;134;93
Primorsko-goranska;Primorje-Gorski kotar;Ravna Gora;2.430;2.028;19;25;13;17;15;10;19;14;16;14;16;18;5;43;43;42;42;39;45;39;37;50;41;46;46;48
Primorsko-goranska;Primorje-Gorski kotar;Rijeka;128.624;107.964;1.060;1.038;991;967;899;962;877;822;790;740;818;697;620;1.617;1.655;1.569;1.597;1.766;1.582;1.781;1.688;1.623;1.814;2.059;1.761;1.664
Primorsko-goranska;Primorje-Gorski kotar;Skrad;1.062;858;7;7;5;4;5;3;4;4;6;7;6;1;5;24;20;26;19;21;22;23;18;30;15;23;25;23
Primorsko-goranska;Primorje-Gorski kotar;Vinodolska općina;3.577;3.226;29;32;18;27;32;28;24;30;21;26;23;27;22;63;62;51;54;55;50;58;47;51;49;42;53;53
Primorsko-goranska;Primorje-Gorski kotar;Viškovo;14.445;16.084;175;185;192;189;180;172;150;151;171;153;193;163;151;80;92;83;98;99;109;101;109;122;116;154;141;126
Primorsko-goranska;Primorje-Gorski kotar;Vrbnik;1.260;1.190;6;13;11;12;20;13;7;15;13;12;7;14;13;19;35;21;16;24;21;18;20;25;33;36;18;27
Primorsko-goranska;Primorje-Gorski kotar;Vrbovsko;5.076;3.876;32;31;28;30;27;24;20;21;24;20;17;20;20;87;98;93;81;94;102;96;93;80;88;97;77;70
Ličko-senjska;Lika-Senj;Brinje;3.256;2.563;26;22;17;19;24;19;14;20;21;22;21;24;19;68;71;67;64;61;64;58;65;74;61;94;57;51
Ličko-senjska;Lika-Senj;Donji Lapac;2.113;1.366;13;13;9;9;12;15;9;4;4;5;6;2;9;31;27;24;41;39;39;29;41;36;31;50;33;42
Ličko-senjska;Lika-Senj;Gospić;12.745;11.502;93;123;112;113;126;106;109;116;117;120;123;126;97;198;219;192;193;208;181;204;173;170;223;240;194;168
Ličko-senjska;Lika-Senj;Karlobag;917;780;9;6;7;7;1;4;3;4;6;3;5;7;3;16;21;16;18;23;22;15;24;16;16;30;22;21
Ličko-senjska;Lika-Senj;Lovinac;1.007;943;5;6;8;7;9;10;11;10;6;6;6;4;8;32;30;32;35;27;26;28;22;25;23;31;22;19
Ličko-senjska;Lika-Senj;Novalja;3.663;3.680;41;28;36;38;28;22;25;30;39;43;47;35;36;38;55;40;43;71;42;52;57;70;57;54;71;59
Ličko-senjska;Lika-Senj;Otočac;9.778;8.332;62;93;83;78;79;80;81;89;71;57;79;68;69;153;159;177;177;163;160;158;171;158;151;213;175;160
Ličko-senjska;Lika-Senj;Perušić;2.638;1.973;16;18;25;14;21;13;27;14;22;15;24;11;25;73;83;67;70;73;73;74;64;69;67;59;49;60
Ličko-senjska;Lika-Senj;Plitvička Jezera;4.373;3.649;41;29;35;40;28;35;42;20;29;32;31;28;28;46;70;60;60;80;60;62;62;50;65;53;50;65
Ličko-senjska;Lika-Senj;Senj;7.182;5.973;44;47;50;40;48;52;42;37;40;51;33;29;41;100;101;113;128;111;115;117;113;122;126;140;148;116
Ličko-senjska;Lika-Senj;Udbina;1.874;1.334;8;8;11;10;8;10;10;10;9;8;10;13;9;33;33;30;40;43;36;30;35;46;45;35;32;38
Ličko-senjska;Lika-Senj;Vrhovine;1.381;653;3;7;3;2;2;4;4;7;4;6;10;10;4;20;24;24;30;20;21;28;19;31;29;31;28;13
Virovitičko-podravska;Virovitica-Podravina;Crnac;1.456;1.116;16;12;13;10;11;10;10;12;11;10;10;7;6;34;30;27;23;21;23;25;31;22;28;36;27;20
Virovitičko-podravska;Virovitica-Podravina;Čačinci;2.802;2.162;28;25;28;25;23;20;21;17;28;23;19;22;19;60;40;38;45;41;46;40;54;50;43;46;54;40
Virovitičko-podravska;Virovitica-Podravina;Čađavica;2.009;1.555;13;13;8;19;13;17;18;13;16;15;19;20;16;52;43;37;46;42;36;34;37;43;29;42;42;28
Virovitičko-podravska;Virovitica-Podravina;Gradina;3.850;2.874;30;33;30;24;20;20;27;23;22;23;23;16;16;73;68;55;61;63;59;63;56;51;70;71;67;60
Virovitičko-podravska;Virovitica-Podravina;Lukač;3.634;2.759;41;32;34;23;24;26;23;28;24;19;20;21;17;57;47;61;62;61;49;53;69;48;60;66;60;44
Virovitičko-podravska;Virovitica-Podravina;Mikleuš;1.464;1.067;8;14;16;12;12;8;14;7;9;12;11;6;9;23;22;21;20;14;20;20;21;22;25;22;20;11
Virovitičko-podravska;Virovitica-Podravina;Nova Bukovica;1.771;1.275;16;9;14;10;10;8;8;10;11;8;12;9;7;29;26;36;27;31;27;34;33;31;35;31;33;21
Virovitičko-podravska;Virovitica-Podravina;Orahovica;5.304;4.537;56;45;41;50;49;31;37;45;53;39;41;36;38;67;89;75;77;62;64;68;41;54;55;74;79;68
Virovitičko-podravska;Virovitica-Podravina;Pitomača;10.059;8.402;100;110;89;73;84;96;74;85;64;86;91;68;80;145;136;144;137;117;119;142;121;139;143;168;129;121
Virovitičko-podravska;Virovitica-Podravina;Slatina;13.686;11.503;120;114;123;112;108;110;87;109;79;111;127;101;89;170;179;166;160;164;162;181;132;160;171;190;162;142
Virovitičko-podravska;Virovitica-Podravina;Sopje;2.320;1.897;14;23;21;20;19;28;20;22;18;19;14;11;13;44;41;46;41;38;35;42;45;41;42;41;43;29
Virovitičko-podravska;Virovitica-Podravina;Suhopolje;6.683;5.267;56;51;67;61;43;59;47;47;55;55;47;48;36;118;107;128;121;113;111;107;101;128;120;119;112;87
Virovitičko-podravska;Virovitica-Podravina;Špišić Bukovica;4.221;3.303;54;38;33;38;26;30;38;36;22;35;39;24;24;70;57;63;57;74;62;56;59;60;67;73;59;57
Virovitičko-podravska;Virovitica-Podravina;Virovitica;21.291;19.302;215;217;222;210;198;183;183;183;170;161;153;122;161;250;248;227;210;236;243;243;233;243;237;281;263;268
Virovitičko-podravska;Virovitica-Podravina;Voćin;2.382;1.896;36;45;36;35;37;34;30;36;37;26;37;22;24;16;29;27;35;24;26;25;20;19;26;23;26;14
Virovitičko-podravska;Virovitica-Podravina;Zdenci;1.904;1.453;13;13;15;15;16;6;9;17;13;12;12;8;19;38;22;21;23;32;27;31;26;33;26;32;30;26
Požeško-slavonska;Požega-Slavonia;Brestovac;3.726;2.980;30;40;35;34;13;29;27;24;21;25;26;21;18;50;61;52;44;58;43;60;47;46;58;72;73;46
Požeško-slavonska;Požega-Slavonia;Čaglin;2.723;2.111;23;26;19;21;12;24;17;17;18;19;17;15;16;60;46;63;46;44;42;38;56;45;55;51;38;41
Požeško-slavonska;Požega-Slavonia;Jakšić;4.058;3.371;46;46;47;42;44;38;39;40;36;36;31;31;23;37;44;58;34;56;47;40;43;38;45;57;50;49
Požeško-slavonska;Požega-Slavonia;Kaptol;3.472;2.605;26;29;44;33;36;29;28;24;29;25;21;26;25;42;28;36;42;27;49;42;36;39;38;50;39;42
Požeško-slavonska;Požega-Slavonia;Kutjevo;6.247;4.870;57;53;47;64;39;56;63;38;57;56;55;35;42;70;68;70;72;80;64;80;76;91;81;98;78;72
Požeško-slavonska;Požega-Slavonia;Lipik;6.170;5.127;58;66;55;54;56;52;44;50;44;43;45;53;44;99;98;92;98;98;99;96;101;86;103;108;92;84
Požeško-slavonska;Požega-Slavonia;Pakrac;8.460;7.086;81;82;63;65;72;72;70;69;74;67;68;63;49;125;123;120;130;146;142;127;140;163;141;151;137;132
Požeško-slavonska;Požega-Slavonia;Pleternica;11.323;9.138;96;114;98;106;109;87;77;77;89;100;89;89;83;155;142;148;122;149;131;122;145;148;147;188;166;131
Požeško-slavonska;Požega-Slavonia;Požega;26.248;22.294;223;226;235;217;202;180;199;218;194;191;186;189;145;319;324;298;310;306;275;321;304;337;339;368;322;333
Požeško-slavonska;Požega-Slavonia;Velika;5.607;4.502;51;54;60;56;53;50;47;43;41;46;34;42;44;89;80;71;88;112;95;79;68;52;66;79;76;72
Brodsko-posavska;Slavonski Brod-Posavina;Bebrina;3.252;2.817;47;35;33;34;37;33;34;32;37;34;35;36;25;29;40;41;33;42;36;33;36;43;45;40;40;26
Brodsko-posavska;Slavonski Brod-Posavina;Brodski Stupnik;3.036;2.357;30;33;28;28;19;25;16;25;12;30;30;19;18;39;31;42;35;58;50;37;31;45;39;41;29;36
Brodsko-posavska;Slavonski Brod-Posavina;Bukovlje;3.108;2.727;34;43;26;28;32;24;22;21;14;22;27;14;17;22;41;27;34;30;36;28;28;33;27;40;43;36
Brodsko-posavska;Slavonski Brod-Posavina;Cernik;3.640;2.964;36;31;30;18;25;25;25;18;26;18;24;19;26;49;59;58;40;52;68;61;52;55;54;54;51;54
Brodsko-posavska;Slavonski Brod-Posavina;Davor;3.015;2.529;35;37;24;39;24;20;38;24;19;24;22;19;12;42;29;30;27;48;26;36;41;39;41;36;38;26
Brodsko-posavska;Slavonski Brod-Posavina;Donji Andrijevci;3.709;3.059;31;44;50;34;29;32;39;37;41;32;34;33;33;57;46;58;57;47;50;53;43;48;65;56;55;49
Brodsko-posavska;Slavonski Brod-Posavina;Dragalić;1.361;1.058;9;12;10;11;13;10;18;13;16;15;12;13;19;24;24;19;17;26;22;26;19;18;26;14;27;17
Brodsko-posavska;Slavonski Brod-Posavina;Garčin;4.806;3.951;44;52;36;39;42;45;30;28;38;28;31;28;35;63;68;57;63;76;65;61;72;60;61;68;62;55
Brodsko-posavska;Slavonski Brod-Posavina;Gornja Vrba;2.512;2.168;20;22;22;21;22;24;19;19;23;20;19;17;19;25;26;22;30;22;25;19;29;18;34;27;24;27
Brodsko-posavska;Slavonski Brod-Posavina;Gornji Bogićevci;1.975;1.428;30;25;21;25;13;11;11;9;15;9;8;4;10;23;35;27;30;28;36;22;41;26;28;30;29;26
Brodsko-posavska;Slavonski Brod-Posavina;Gundinci;2.027;1.610;31;18;25;18;17;17;17;23;18;18;22;21;9;24;26;22;18;28;19;28;23;21;25;33;21;33
Brodsko-posavska;Slavonski Brod-Posavina;Klakar;2.319;2.020;29;24;19;26;23;20;23;21;19;17;21;27;26;19;40;26;32;38;27;28;26;25;34;33;26;28
Brodsko-posavska;Slavonski Brod-Posavina;Nova Gradiška;14.229;11.690;127;119;127;125;120;131;122;107;125;86;95;105;100;171;186;154;191;198;189;207;203;187;188;219;178;188
Brodsko-posavska;Slavonski Brod-Posavina;Nova Kapela;4.227;3.393;41;23;39;25;30;33;27;37;30;31;24;21;28;78;78;68;83;70;57;69;55;77;64;75;72;72
Brodsko-posavska;Slavonski Brod-Posavina;Okučani;3.447;2.323;33;39;36;29;19;20;22;23;20;18;14;12;21;59;56;54;50;57;61;48;52;63;60;56;51;39
Brodsko-posavska;Slavonski Brod-Posavina;Oprisavci;2.508;1.968;22;14;19;21;13;16;24;17;13;10;16;11;18;35;28;37;43;37;29;41;38;27;26;34;32;22
Brodsko-posavska;Slavonski Brod-Posavina;Oriovac;5.824;4.770;52;70;49;52;54;59;47;51;43;41;46;42;39;73;83;72;88;77;84;76;70;66;82;89;59;63
Brodsko-posavska;Slavonski Brod-Posavina;Podcrkavlje;2.553;2.207;35;32;23;27;26;31;23;14;21;20;20;19;13;33;35;37;24;35;34;38;23;22;38;49;30;27
Brodsko-posavska;Slavonski Brod-Posavina;Rešetari;4.753;3.852;46;42;46;39;33;28;28;31;33;29;33;31;24;60;47;61;52;56;70;53;61;53;61;75;63;51
Brodsko-posavska;Slavonski Brod-Posavina;Sibinj;6.895;5.730;70;58;73;64;63;59;64;48;54;59;48;35;37;84;85;82;79;100;78;86;93;94;86;116;88;74
Brodsko-posavska;Slavonski Brod-Posavina;Sikirevci;2.476;2.028;37;32;33;22;23;22;16;16;20;26;16;18;16;17;32;22;28;30;34;25;20;29;27;27;37;24
Brodsko-posavska;Slavonski Brod-Posavina;Slavonski Brod;59.141;49.891;596;596;568;539;482;489;491;444;438;473;470;483;442;666;677;617;660;729;659;657;714;700;742;765;758;676
Brodsko-posavska;Slavonski Brod-Posavina;Slavonski Šamac;2.169;1.576;24;18;28;14;19;14;16;12;11;8;10;6;12;26;27;39;28;23;27;29;29;29;34;37;31;22
Brodsko-posavska;Slavonski Brod-Posavina;Stara Gradiška;1.363;911;6;9;7;8;6;6;7;12;2;1;3;3;2;24;26;26;13;25;35;13;14;20;21;25;21;17
Brodsko-posavska;Slavonski Brod-Posavina;Staro Petrovo Selo;5.186;4.110;44;47;52;43;47;39;30;37;38;39;35;31;38;91;76;100;72;82;91;105;87;82;100;81;81;59
Brodsko-posavska;Slavonski Brod-Posavina;Velika Kopanica;3.308;2.621;36;42;35;38;43;20;24;32;23;27;24;20;25;47;47;35;51;39;48;44;43;41;60;55;47;46
Brodsko-posavska;Slavonski Brod-Posavina;Vrbje;2.215;1.691;18;18;20;23;19;19;13;18;15;10;16;18;20;38;40;35;39;39;36;37;27;33;33;52;38;33
Brodsko-posavska;Slavonski Brod-Posavina;Vrpolje;3.521;2.818;52;28;33;22;21;29;30;27;35;21;30;25;32;40;47;49;40;33;39;46;41;43;49;48;33;39
Zadarska;Zadar;Benkovac;11.026;9.680;118;114;104;89;90;85;98;88;85;94;112;86;91;119;155;151;148;156;133;169;139;140;133;181;168;147
Zadarska;Zadar;Bibinje;3.985;3.962;43;51;48;48;48;44;52;49;44;50;50;46;32;28;29;36;30;30;37;56;37;41;38;58;50;31
Zadarska;Zadar;Biograd na Moru;5.569;5.601;46;69;58;58;61;68;55;72;61;56;56;63;50;41;79;41;51;62;61;53;70;63;70;79;65;56
Zadarska;Zadar;Galovac;1.234;1.258;14;12;10;15;15;21;14;14;13;12;12;21;8;11;12;16;9;15;10;10;13;13;7;14;16;18
Zadarska;Zadar;Gračac;4.690;3.136;45;37;27;37;45;22;19;16;23;18;21;16;15;67;63;61;65;66;65;68;77;54;70;76;68;71
Zadarska;Zadar;Jasenice;1.398;1.348;16;16;24;14;16;13;7;9;15;9;16;22;22;17;18;15;17;19;19;18;16;24;27;17;12;26
Zadarska;Zadar;Kali;1.638;1.585;17;17;19;10;13;15;15;15;24;19;14;14;13;28;27;18;15;32;27;28;19;27;27;23;20;26
Zadarska;Zadar;Kolan;791;815;5;9;7;9;8;6;9;7;5;4;12;4;9;5;16;12;6;8;14;7;11;13;16;11;9;15
Zadarska;Zadar;Kukljica;714;628;7;3;5;5;3;8;3;7;4;7;4;6;3;14;15;17;19;11;18;16;14;8;16;23;17;7
Zadarska;Zadar;Lišane Ostrovičke;698;593;2;17;7;10;7;4;8;3;8;9;6;7;4;6;11;10;13;12;9;11;6;8;13;9;12;13
Zadarska;Zadar;Nin;2.744;2.705;20;30;22;29;27;31;26;22;23;22;31;32;21;29;30;39;37;38;34;41;36;33;41;46;52;27
Zadarska;Zadar;Novigrad;2.375;2.160;13;22;26;27;13;20;20;20;23;19;18;32;14;32;33;21;33;43;36;43;25;33;46;32;42;33
Zadarska;Zadar;Obrovac;4.323;3.453;34;32;26;27;25;28;23;21;24;19;37;24;26;52;50;48;60;67;44;68;51;49;63;68;61;56
Zadarska;Zadar;Pag;3.846;3.175;25;33;21;14;22;25;23;29;23;31;22;26;27;41;40;44;58;51;49;47;33;50;47;54;47;53
Zadarska;Zadar;Pakoštane;4.123;4.100;45;41;51;41;39;37;38;54;47;42;57;52;50;29;39;40;48;60;31;49;44;54;68;65;53;36
Zadarska;Zadar;Pašman;2.082;2.136;16;14;13;17;20;19;17;14;23;24;25;12;25;26;34;30;40;39;42;44;51;34;45;53;33;38
Zadarska;Zadar;Polača;1.468;1.389;8;17;19;13;12;12;11;9;14;15;12;16;14;19;28;24;24;30;24;22;25;16;24;28;24;11
Zadarska;Zadar;Poličnik;4.469;4.676;53;56;63;51;44;45;59;57;40;47;46;42;51;51;41;40;41;55;41;54;46;46;48;65;56;57
Zadarska;Zadar;Posedarje;3.607;3.430;38;36;33;37;45;31;42;40;39;35;34;30;32;36;37;36;37;49;44;56;55;48;46;62;46;39
Zadarska;Zadar;Povljana;759;669;9;3;6;6;2;10;6;2;3;4;3;3;5;7;14;11;11;9;8;5;17;4;9;7;14;12
Zadarska;Zadar;Preko;3.805;3.556;35;31;31;27;27;36;19;34;29;40;27;14;27;65;60;63;66;59;77;76;80;68;69;80;71;71
Zadarska;Zadar;Privlaka;2.253;2.128;12;18;19;15;21;20;24;20;23;12;12;12;17;28;25;33;26;36;30;27;28;22;46;35;34;33
Zadarska;Zadar;Ražanac;2.940;2.746;27;32;23;36;25;15;21;22;34;23;21;23;25;39;47;35;49;37;45;56;47;44;43;48;50;42
Zadarska;Zadar;Sali;1.698;1.746;11;19;14;10;10;17;10;19;9;18;9;16;16;38;46;30;46;50;30;48;38;28;43;47;43;36
Zadarska;Zadar;Stankovci;2.003;1.831;18;15;18;16;26;16;13;18;18;26;15;20;22;25;35;39;24;36;29;29;22;27;27;37;27;25
Zadarska;Zadar;Starigrad;1.876;1.697;20;19;16;16;17;6;10;13;13;14;19;13;13;33;34;23;24;32;36;39;32;32;30;30;37;36
Zadarska;Zadar;Sukošan;4.583;4.665;48;49;56;53;63;56;48;54;43;48;53;44;52;34;48;49;48;42;49;43;57;64;49;73;54;50
Zadarska;Zadar;Sveti Filip i Jakov;4.606;4.461;49;47;40;46;40;41;42;39;39;40;46;64;53;53;48;49;50;49;61;45;48;63;45;68;40;56
Zadarska;Zadar;Škabrnja;1.776;1.661;20;25;21;20;16;10;25;16;18;14;20;13;13;21;14;11;11;16;11;16;17;21;17;28;16;23
Zadarska;Zadar;Tkon;763;748;7;11;10;6;9;2;10;9;8;8;7;5;6;9;7;13;6;16;10;16;6;9;6;13;11;10
Zadarska;Zadar;Vir;3.000;3.045;19;26;19;25;29;28;19;22;32;26;28;20;32;24;28;22;36;37;28;28;34;49;34;50;56;47
Zadarska;Zadar;Vrsi;2.053;2.045;20;20;9;16;18;14;19;20;23;21;18;29;19;19;21;18;27;25;33;25;26;20;26;39;30;28
Zadarska;Zadar;Zadar;75.062;70.779;798;803;807;767;697;747;704;687;686;672;701;645;623;627;666;649;728;755;732;811;724;705;838;895;927;789
Zadarska;Zadar;Zemunik Donji;2.060;2.159;18;22;16;25;15;19;23;14;27;25;27;25;18;31;39;43;30;30;33;35;38;28;21;23;27;16
Osječko-baranjska;Osijek-Baranja;Antunovac;3.703;3.411;39;34;37;37;20;35;35;27;30;28;38;31;35;37;52;38;44;52;41;49;32;40;54;61;49;50
Osječko-baranjska;Osijek-Baranja;Beli Manastir;10.068;7.973;71;84;96;76;66;61;79;56;54;53;59;71;59;143;149;141;136;138;111;139;128;131;146;155;156;140
Osječko-baranjska;Osijek-Baranja;Belišće;10.825;8.884;93;93;112;103;89;96;88;90;93;98;85;89;64;124;141;159;127;128;140;120;144;139;161;157;134;132
Osječko-baranjska;Osijek-Baranja;Bilje;5.642;4.772;50;55;46;41;34;40;38;33;32;25;40;39;38;80;72;72;61;69;59;64;77;62;83;63;62;79
Osječko-baranjska;Osijek-Baranja;Bizovac;4.507;3.733;31;32;48;39;29;26;35;29;23;33;26;34;32;62;60;63;60;62;80;64;71;59;77;68;67;66
Osječko-baranjska;Osijek-Baranja;Čeminac;2.909;2.484;29;30;17;33;16;26;31;20;23;20;26;34;18;42;51;42;41;42;31;38;50;52;49;46;40;33
Osječko-baranjska;Osijek-Baranja;Čepin;11.599;9.665;109;106;84;93;86;85;82;88;80;81;96;70;89;115;139;162;151;137;137;118;134;133;155;172;119;142
Osječko-baranjska;Osijek-Baranja;Darda;6.908;5.427;69;61;67;62;61;65;53;49;45;43;58;47;46;75;89;74;82;76;97;69;88;74;89;98;90;83
Osječko-baranjska;Osijek-Baranja;Donja Motičina;1.652;1.334;15;22;12;12;10;19;14;10;17;13;8;17;11;12;25;28;20;28;12;25;15;24;24;19;11;27
Osječko-baranjska;Osijek-Baranja;Donji Miholjac;9.491;8.031;79;101;95;87;85;77;79;82;74;69;64;62;62;120;140;116;127;120;98;131;120;118;125;140;130;115
Osječko-baranjska;Osijek-Baranja;Draž;2.767;1.949;19;26;24;16;14;13;10;10;10;8;13;16;6;60;74;53;66;53;50;69;44;45;60;58;53;35
Osječko-baranjska;Osijek-Baranja;Drenje;2.700;2.126;28;27;31;24;28;21;18;18;17;18;17;12;20;46;59;40;35;56;31;44;38;35;29;63;45;27
Osječko-baranjska;Osijek-Baranja;Đakovo;27.745;23.577;276;311;268;275;235;235;219;216;206;228;201;223;178;322;278;289;338;323;327;325;280;285;369;412;347;298
Osječko-baranjska;Osijek-Baranja;Đurđenovac;6.750;5.332;50;62;66;53;43;53;42;40;34;48;52;43;35;104;94;85;95;97;98;102;95;90;89;117;93;84
Osječko-baranjska;Osijek-Baranja;Erdut;7.308;5.436;45;47;41;60;52;39;27;45;30;36;37;30;34;130;117;101;116;131;122;107;127;109;108;121;102;95
Osječko-baranjska;Osijek-Baranja;Ernestinovo;2.189;1.948;21;22;23;24;15;19;19;17;21;19;25;17;14;29;24;30;25;39;29;38;27;32;43;33;27;19
Osječko-baranjska;Osijek-Baranja;Feričanci;2.134;1.725;22;22;18;18;21;14;9;15;17;19;19;15;18;43;32;24;33;30;25;30;32;25;32;43;34;30
Osječko-baranjska;Osijek-Baranja;Gorjani;1.591;1.246;18;12;16;10;16;10;9;14;10;9;13;6;10;18;32;22;11;27;28;16;23;22;26;21;35;21
Osječko-baranjska;Osijek-Baranja;Jagodnjak;2.023;1.500;22;24;27;22;19;13;13;19;8;15;10;16;13;38;32;39;37;40;42;36;30;21;22;35;25;27
Osječko-baranjska;Osijek-Baranja;Kneževi Vinogradi;4.614;3.357;38;28;36;32;34;27;34;29;16;33;23;23;22;74;74;69;95;80;63;76;51;68;76;84;73;70
Osječko-baranjska;Osijek-Baranja;Koška;3.980;3.169;38;33;24;28;44;33;31;38;34;37;31;30;33;40;39;64;60;62;60;61;55;55;66;70;40;34
Osječko-baranjska;Osijek-Baranja;Levanjska Varoš;1.194;767;9;11;4;6;10;5;4;6;6;8;8;6;5;14;20;26;26;31;13;15;16;15;19;22;25;15
Osječko-baranjska;Osijek-Baranja;Magadenovac;1.936;1.579;20;20;18;20;17;16;16;14;13;13;14;7;11;34;41;38;26;29;26;34;22;27;39;34;35;26
Osječko-baranjska;Osijek-Baranja;Marijanci;2.405;1.951;29;22;19;22;19;15;19;19;26;16;22;18;21;40;38;43;34;40;29;46;29;32;24;39;29;38
Osječko-baranjska;Osijek-Baranja;Našice;16.224;14.291;189;160;169;166;144;146;146;151;151;150;152;151;113;182;189;172;155;185;173;162;181;189;186;216;215;163
Osječko-baranjska;Osijek-Baranja;Osijek;108.048;96.313;1.015;1.019;996;918;990;862;873;857;819;851;863;729;794;1.296;1.382;1.282;1.370;1.402;1.307;1.321;1.423;1.382;1.626;1.586;1.405;1.252
Osječko-baranjska;Osijek-Baranja;Petlovac;2.405;1.874;17;23;20;23;21;26;24;22;19;15;10;13;11;41;52;34;46;46;24;30;40;38;45;36;37;29
Osječko-baranjska;Osijek-Baranja;Petrijevci;2.870;2.485;27;16;17;13;19;26;19;12;13;22;29;15;18;44;38;33;32;51;41;38;26;45;54;59;49;43
Osječko-baranjska;Osijek-Baranja;Podgorač;2.877;2.455;36;35;33;43;29;22;28;27;23;34;27;30;27;59;45;49;37;55;43;48;37;40;54;59;53;32
Osječko-baranjska;Osijek-Baranja;Podravska Moslavina;1.202;954;8;10;11;13;7;2;9;12;9;13;13;9;10;20;22;18;13;19;13;22;16;19;15;21;21;12
Osječko-baranjska;Osijek-Baranja;Popovac;2.084;1.446;18;14;12;16;16;11;15;12;19;13;9;11;16;43;36;32;46;35;45;34;21;28;34;44;33;29
Osječko-baranjska;Osijek-Baranja;Punitovci;1.803;1.562;10;20;16;17;20;14;21;17;8;18;16;19;16;22;32;23;29;21;25;19;22;22;21;17;21;16
Osječko-baranjska;Osijek-Baranja;Satnica Đakovačka;2.123;1.775;20;22;28;23;20;23;17;14;10;22;19;18;16;25;27;18;26;35;22;22;29;24;32;40;24;34
Osječko-baranjska;Osijek-Baranja;Semeljci;4.362;3.558;40;61;43;43;50;55;43;46;45;41;36;39;32;51;48;50;52;60;57;56;53;47;70;56;44;44
Osječko-baranjska;Osijek-Baranja;Strizivojna;2.525;2.027;26;32;27;31;32;22;19;27;22;18;21;19;24;28;33;17;25;26;33;25;26;25;31;34;42;19
Osječko-baranjska;Osijek-Baranja;Šodolovci;1.653;1.217;9;22;13;10;13;6;4;13;4;11;10;10;7;38;34;30;27;22;29;31;24;25;24;28;28;19
Osječko-baranjska;Osijek-Baranja;Trnava;1.600;1.251;16;10;19;20;13;10;11;16;15;18;13;8;16;28;28;21;21;23;15;28;30;27;17;23;22;20
Osječko-baranjska;Osijek-Baranja;Valpovo;11.563;9.784;116;120;101;96;75;76;90;80;83;75;86;69;75;141;142;124;133;140;139;148;140;159;161;159;141;131
Osječko-baranjska;Osijek-Baranja;Viljevo;2.065;1.626;22;23;15;14;10;15;18;11;21;13;16;17;17;34;47;34;27;28;31;38;35;26;28;31;38;16
Osječko-baranjska;Osijek-Baranja;Viškovci;1.906;1.496;18;21;9;14;8;12;13;17;9;14;8;14;9;23;25;20;24;22;26;24;19;19;17;30;29;19
Osječko-baranjska;Osijek-Baranja;Vladislavci;1.882;1.552;13;17;18;23;8;18;16;14;16;9;23;14;14;24;30;34;27;30;32;22;26;14;26;34;31;20
Osječko-baranjska;Osijek-Baranja;Vuka;1.200;984;15;9;10;9;13;10;8;7;12;10;16;12;10;13;14;16;9;18;13;13;10;17;19;15;15;14
Šibensko-kninska;Šibenik-Knin;Bilice;2.307;2.546;24;22;24;23;25;27;19;24;27;18;19;31;21;18;25;25;17;22;21;25;21;18;21;35;34;33
Šibensko-kninska;Šibenik-Knin;Biskupija;1.699;1.177;4;6;8;4;6;6;7;2;4;7;4;3;6;41;41;38;27;38;41;44;47;34;40;32;38;29
Šibensko-kninska;Šibenik-Knin;Civljane;239;171;-;-;-;2;-;2;1;2;2;-;-;2;-;6;7;8;10;6;4;4;10;7;5;3;7;9
Šibensko-kninska;Šibenik-Knin;Drniš;7.498;6.276;57;50;54;62;51;60;52;46;48;59;40;63;48;152;134;130;148;138;143;113;115;113;148;134;116;100
Šibensko-kninska;Šibenik-Knin;Ervenik;1.105;789;2;2;4;2;-;3;2;5;-;3;1;1;3;24;31;31;28;24;31;30;17;27;23;37;21;18
Šibensko-kninska;Šibenik-Knin;Kijevo;417;272;2;1;3;1;-;2;2;2;-;-;1;2;1;10;22;13;11;11;9;7;10;13;9;13;14;7
Šibensko-kninska;Šibenik-Knin;Kistanje;3.481;2.650;23;23;33;25;25;19;25;20;20;21;22;17;21;71;65;64;66;68;73;48;52;56;49;58;68;46
Šibensko-kninska;Šibenik-Knin;Knin;15.407;11.633;138;132;138;136;120;122;98;110;91;103;91;123;96;143;145;144;151;180;189;162;151;151;148;217;186;161
Šibensko-kninska;Šibenik-Knin;Murter-Kornati;2.044;1.934;15;19;15;18;13;16;14;13;21;13;14;13;19;17;23;28;36;30;28;41;26;30;43;31;32;30
Šibensko-kninska;Šibenik-Knin;Pirovac;1.930;1.606;15;16;13;14;12;14;16;16;12;18;9;14;7;23;34;31;34;27;25;28;27;31;34;38;25;30
Šibensko-kninska;Šibenik-Knin;Primošten;2.828;2.627;20;29;19;25;20;15;21;18;18;27;27;16;14;39;43;48;40;40;37;46;46;49;42;57;43;37
Šibensko-kninska;Šibenik-Knin;Promina;1.136;943;7;12;6;12;2;6;5;10;6;1;5;2;7;38;25;24;34;35;28;21;22;24;25;30;24;24
Šibensko-kninska;Šibenik-Knin;Rogoznica;2.345;2.106;13;23;21;13;18;20;13;21;15;17;19;14;20;41;28;35;40;38;43;39;47;39;40;51;33;40
Šibensko-kninska;Šibenik-Knin;Ružić;1.591;1.283;13;22;14;18;15;16;10;7;15;10;11;14;6;30;30;28;28;34;27;29;25;21;36;45;28;36
Šibensko-kninska;Šibenik-Knin;Skradin;3.825;3.349;35;32;33;37;30;23;17;26;21;21;28;19;23;68;77;63;67;60;68;69;72;57;74;75;83;65
Šibensko-kninska;Šibenik-Knin;Šibenik;46.332;42.599;383;382;364;411;355;363;351;358;370;338;384;378;300;483;529;523;528;625;584;611;583;577;648;698;671;565
Šibensko-kninska;Šibenik-Knin;Tisno;3.094;2.908;36;32;22;23;30;18;18;24;24;23;22;30;22;49;36;50;44;45;45;49;42;42;47;62;61;34
Šibensko-kninska;Šibenik-Knin;Tribunj;1.536;1.594;16;13;14;9;11;18;16;12;21;15;13;13;14;12;23;17;15;21;27;27;25;24;22;33;41;23
Šibensko-kninska;Šibenik-Knin;Unešić;1.686;1.269;8;13;12;4;9;6;10;9;15;12;6;8;2;56;35;39;36;38;38;37;27;39;30;37;35;46
Šibensko-kninska;Šibenik-Knin;Vodice;8.875;8.649;84;89;93;77;77;78;69;70;75;87;73;72;76;78;95;113;106;114;131;102;106;105;98;139;144;114
Vukovarsko-srijemska;Vukovar-Srijem;Andrijaševci;4.075;3.441;41;52;48;44;30;44;38;34;32;46;29;26;34;38;48;33;45;54;37;38;48;37;47;47;49;45
Vukovarsko-srijemska;Vukovar-Srijem;Babina Greda;3.572;2.762;48;49;37;43;32;40;26;37;28;28;27;26;25;49;51;54;37;43;50;66;49;48;45;50;45;35
Vukovarsko-srijemska;Vukovar-Srijem;Bogdanovci;1.960;1.545;13;22;21;15;15;21;16;6;14;15;16;13;7;42;33;17;26;28;25;26;34;19;19;18;36;24
Vukovarsko-srijemska;Vukovar-Srijem;Borovo;5.056;3.555;46;33;29;37;39;33;28;17;13;10;11;16;14;72;52;52;46;52;62;76;78;57;63;81;55;58
Vukovarsko-srijemska;Vukovar-Srijem;Bošnjaci;3.901;2.868;31;33;36;45;31;28;31;30;33;24;28;26;20;45;46;53;49;51;51;43;59;46;46;47;53;52
Vukovarsko-srijemska;Vukovar-Srijem;Cerna;4.595;3.712;48;57;56;51;52;46;50;33;44;43;44;45;41;41;51;61;52;54;60;54;46;50;51;72;68;44
Vukovarsko-srijemska;Vukovar-Srijem;Drenovci;5.174;3.662;38;42;33;37;43;32;31;34;27;19;29;35;28;75;98;89;89;73;83;58;83;82;95;78;78;78
Vukovarsko-srijemska;Vukovar-Srijem;Gradište;2.773;2.227;29;27;20;24;21;17;28;28;28;23;17;19;23;33;44;29;28;49;37;36;38;28;34;49;39;38
Vukovarsko-srijemska;Vukovar-Srijem;Gunja;3.732;2.600;29;36;17;25;24;30;25;13;18;10;25;16;9;49;63;58;70;55;48;49;28;50;48;74;44;53
Vukovarsko-srijemska;Vukovar-Srijem;Ilok;6.767;5.045;57;51;39;53;53;45;36;42;47;32;43;41;37;113;94;102;96;94;104;111;105;101;113;109;87;93
Vukovarsko-srijemska;Vukovar-Srijem;Ivankovo;8.006;6.543;81;77;94;99;64;61;58;66;72;57;63;68;65;79;86;81;83;88;108;86;85;90;79;82;100;79
Vukovarsko-srijemska;Vukovar-Srijem;Jarmina;2.458;2.016;24;24;31;22;16;22;18;24;23;22;18;22;25;23;27;32;31;30;25;35;23;23;37;36;29;22
Vukovarsko-srijemska;Vukovar-Srijem;Lovas;1.214;980;15;13;15;10;14;19;9;9;7;4;7;4;12;32;15;29;27;17;29;14;19;17;13;16;19;15
Vukovarsko-srijemska;Vukovar-Srijem;Markušica;2.555;1.773;21;16;20;18;15;8;5;7;10;13;8;6;7;47;48;43;48;38;39;45;34;27;36;46;39;28
Vukovarsko-srijemska;Vukovar-Srijem;Negoslavci;1.463;983;9;9;7;9;8;7;11;10;8;6;6;2;5;25;19;20;19;21;22;19;24;15;18;27;14;13
Vukovarsko-srijemska;Vukovar-Srijem;Nijemci;4.705;3.526;32;44;30;48;37;39;26;40;36;35;30;29;28;75;80;75;85;88;71;71;86;71;69;74;76;72
Vukovarsko-srijemska;Vukovar-Srijem;Nuštar;5.793;4.861;54;66;58;58;44;46;36;36;42;44;36;32;46;43;69;67;66;68;71;55;49;65;69;69;70;54
Vukovarsko-srijemska;Vukovar-Srijem;Otok;6.343;4.899;70;66;69;58;51;63;59;42;47;53;50;55;52;79;74;82;94;90;94;82;83;80;89;89;73;84
Vukovarsko-srijemska;Vukovar-Srijem;Privlaka;2.954;2.192;23;30;23;20;24;15;18;23;19;21;19;26;25;35;35;31;39;42;22;56;46;52;30;39;38;47
Vukovarsko-srijemska;Vukovar-Srijem;Stari Jankovci;4.405;3.271;48;54;46;42;28;26;29;22;34;34;25;36;29;77;55;64;68;66;61;69;59;74;76;75;58;48
Vukovarsko-srijemska;Vukovar-Srijem;Stari Mikanovci;2.956;2.419;18;35;22;30;28;28;21;21;22;15;25;17;24;44;48;40;45;47;48;39;33;43;52;46;29;27
Vukovarsko-srijemska;Vukovar-Srijem;Štitar;2.129;1.552;24;29;17;25;17;19;14;11;13;15;15;12;8;29;25;22;17;26;24;23;25;31;31;20;28;26
Vukovarsko-srijemska;Vukovar-Srijem;Tompojevci;1.565;1.116;11;9;13;5;8;12;11;10;9;9;4;10;14;26;38;34;18;18;28;23;26;30;29;25;35;20
Vukovarsko-srijemska;Vukovar-Srijem;Tordinci;2.032;1.657;22;23;17;24;12;13;23;17;14;12;15;13;8;26;35;33;28;28;26;31;21;17;25;27;29;13
Vukovarsko-srijemska;Vukovar-Srijem;Tovarnik;2.775;2.067;34;30;29;34;23;18;29;25;17;22;18;15;13;40;44;43;24;38;37;32;42;39;40;39;45;25
Vukovarsko-srijemska;Vukovar-Srijem;Trpinja;5.572;4.167;42;43;43;36;27;45;33;22;24;31;27;19;20;107;84;99;81;77;79;88;95;75;92;92;106;76
Vukovarsko-srijemska;Vukovar-Srijem;Vinkovci;35.312;30.842;377;376;367;355;335;341;278;310;282;277;303;286;262;359;359;314;383;418;390;422;349;348;427;440;428;394
Vukovarsko-srijemska;Vukovar-Srijem;Vođinci;1.966;1.634;32;36;23;20;19;19;18;22;26;18;16;15;18;14;26;20;15;19;17;29;29;20;20;19;17;20
Vukovarsko-srijemska;Vukovar-Srijem;Vrbanja;3.940;2.870;39;33;30;41;25;34;32;32;27;19;21;28;24;62;65;65;54;59;57;56;64;39;74;51;53;61
Vukovarsko-srijemska;Vukovar-Srijem;Vukovar;27.683;23.175;226;247;221;216;207;179;180;201;194;198;200;180;194;358;392;388;372;433;390;411;397;405;406;456;426;350
Vukovarsko-srijemska;Vukovar-Srijem;Županja;12.090;9.153;116;110;82;107;96;86;85;55;83;72;91;68;65;132;121;131;135;136;112;119;126;114;174;140;124;116
Splitsko-dalmatinska;Split-Dalmatia;Baška Voda;2.775;2.590;18;29;26;27;23;31;29;27;27;31;16;14;19;25;29;34;35;28;37;32;26;32;29;36;48;22
Splitsko-dalmatinska;Split-Dalmatia;Bol;1.630;1.678;27;21;17;28;24;9;20;20;20;18;18;16;11;20;15;15;16;15;16;19;12;16;18;19;18;18
Splitsko-dalmatinska;Split-Dalmatia;Brela;1.703;1.626;9;16;13;9;19;15;13;14;13;8;9;14;11;20;15;15;24;18;13;19;16;16;21;17;26;20
Splitsko-dalmatinska;Split-Dalmatia;Cista Provo;2.335;1.799;16;18;28;23;22;20;10;21;17;13;11;15;11;44;41;41;36;52;35;54;44;33;40;53;49;35
Splitsko-dalmatinska;Split-Dalmatia;Dicmo;2.802;2.805;29;28;23;26;24;33;25;23;18;35;42;31;33;33;30;22;34;31;28;50;37;30;31;37;32;30
Splitsko-dalmatinska;Split-Dalmatia;Dugi Rat;7.092;6.876;71;86;67;66;69;73;64;75;78;74;75;56;69;51;64;60;52;54;57;67;75;68;62;82;77;63
Splitsko-dalmatinska;Split-Dalmatia;Dugopolje;3.469;3.742;56;50;53;46;37;28;42;50;27;40;43;43;43;38;34;30;37;45;36;39;31;34;42;45;39;38
Splitsko-dalmatinska;Split-Dalmatia;Gradac;3.261;2.401;19;21;15;23;20;15;17;18;16;17;28;17;10;43;34;21;31;34;25;46;36;43;32;32;40;27
Splitsko-dalmatinska;Split-Dalmatia;Hrvace;3.617;3.144;30;33;23;31;29;31;30;32;31;27;32;33;19;64;68;53;54;64;62;47;53;63;58;52;59;52
Splitsko-dalmatinska;Split-Dalmatia;Hvar;4.251;3.979;40;42;29;45;28;32;42;42;44;39;34;37;33;33;39;46;45;52;42;59;63;51;52;61;56;51
Splitsko-dalmatinska;Split-Dalmatia;Imotski;10.764;9.153;135;131;132;115;108;121;103;86;95;119;101;106;113;104;94;77;80;76;80;87;102;88;94;114;99;76
Splitsko-dalmatinska;Split-Dalmatia;Jelsa;3.582;3.501;28;30;21;29;41;31;26;34;27;26;36;41;35;50;63;64;55;42;60;56;71;45;54;68;56;50
Splitsko-dalmatinska;Split-Dalmatia;Kaštela;38.667;37.794;449;436;427;400;399;385;389;404;375;403;374;351;368;276;268;273;277;343;322;356;354;347;387;458;408;386
Splitsko-dalmatinska;Split-Dalmatia;Klis;4.801;5.226;44;43;55;60;44;44;62;61;58;54;58;63;52;55;48;50;47;61;46;55;56;56;57;69;59;60
Splitsko-dalmatinska;Split-Dalmatia;Komiža;1.526;1.394;10;11;10;14;8;6;10;12;8;6;8;7;7;32;27;22;35;28;27;26;30;31;23;24;32;22
Splitsko-dalmatinska;Split-Dalmatia;Lećevica;583;495;8;9;4;11;10;3;-;3;4;2;3;3;2;24;20;13;20;7;18;14;13;6;12;12;6;12
Splitsko-dalmatinska;Split-Dalmatia;Lokvičići;807;667;7;7;9;7;5;2;4;11;3;3;3;2;6;9;16;13;10;21;12;17;15;17;15;14;16;7
Splitsko-dalmatinska;Split-Dalmatia;Lovreć;1.699;1.402;12;8;9;9;15;15;8;12;14;10;11;12;13;35;43;34;23;53;23;33;39;38;34;32;31;24
Splitsko-dalmatinska;Split-Dalmatia;Makarska;13.834;13.301;140;173;152;142;120;159;155;153;137;138;131;122;111;127;129;113;116;138;134;156;156;143;146;156;141;124
Splitsko-dalmatinska;Split-Dalmatia;Marina;4.595;4.273;45;42;35;24;41;54;46;35;47;24;41;38;26;63;63;65;59;60;73;77;77;67;71;84;94;70
Splitsko-dalmatinska;Split-Dalmatia;Milna;1.034;931;3;12;12;17;6;6;8;7;12;5;9;7;7;19;11;16;10;23;28;22;15;26;16;23;16;17
Splitsko-dalmatinska;Split-Dalmatia;Muć;3.882;3.465;47;46;42;21;33;30;37;34;36;26;43;23;30;57;46;50;54;71;77;56;72;49;52;68;60;63
Splitsko-dalmatinska;Split-Dalmatia;Nerežišća;862;878;14;11;8;13;8;8;11;8;13;12;7;12;8;6;10;20;12;16;20;18;12;9;11;17;16;10
Splitsko-dalmatinska;Split-Dalmatia;Okrug;3.349;2.995;27;29;25;40;23;22;26;24;28;23;22;19;19;31;27;44;39;36;35;45;39;33;46;56;41;35
Splitsko-dalmatinska;Split-Dalmatia;Omiš;14.936;14.139;158;156;143;169;139;145;151;151;150;158;143;131;128;192;160;163;180;169;175;179;186;165;177;205;194;171
Splitsko-dalmatinska;Split-Dalmatia;Otok;5.474;4.998;53;70;56;53;53;46;61;62;65;55;58;43;54;58;72;65;66;57;52;76;64;55;71;74;64;46
Splitsko-dalmatinska;Split-Dalmatia;Podbablje;4.680;4.035;59;51;47;67;38;36;54;54;49;52;56;55;44;60;52;66;65;60;52;56;38;49;55;52;56;55
Splitsko-dalmatinska;Split-Dalmatia;Podgora;2.518;2.233;17;13;11;18;15;16;12;34;14;17;12;18;16;30;27;24;33;34;33;27;29;25;33;35;46;33
Splitsko-dalmatinska;Split-Dalmatia;Podstrana;9.129;10.403;114;134;103;102;89;100;116;128;111;119;140;129;124;33;43;45;42;60;57;58;74;61;75;67;71;80
Splitsko-dalmatinska;Split-Dalmatia;Postira;1.559;1.538;15;18;20;6;10;25;12;21;12;12;21;16;16;20;13;28;17;22;27;23;16;22;24;32;20;25
Splitsko-dalmatinska;Split-Dalmatia;Prgomet;673;498;6;3;4;6;1;3;1;2;4;1;2;1;4;12;15;18;13;12;11;21;17;18;12;17;14;10
Splitsko-dalmatinska;Split-Dalmatia;Primorski Dolac;770;686;16;6;10;7;7;8;1;5;8;-;6;5;3;13;14;15;10;11;9;17;8;11;12;16;18;11
Splitsko-dalmatinska;Split-Dalmatia;Proložac;3.802;3.112;40;51;37;37;36;28;36;40;34;35;32;39;21;41;49;34;36;44;42;36;38;49;50;49;34;38
Splitsko-dalmatinska;Split-Dalmatia;Pučišća;2.171;1.926;27;24;20;16;12;18;11;20;11;13;12;14;13;26;19;23;22;27;29;28;29;23;37;28;32;31
Splitsko-dalmatinska;Split-Dalmatia;Runovići;2.416;1.968;26;23;26;22;21;26;18;14;29;15;23;22;12;39;30;29;36;50;41;33;28;42;43;47;27;47
Splitsko-dalmatinska;Split-Dalmatia;Seget;4.854;4.511;44;36;41;48;36;37;44;42;40;47;37;40;44;60;54;48;54;66;43;56;69;50;56;68;66;54
Splitsko-dalmatinska;Split-Dalmatia;Selca;1.804;1.613;10;16;15;13;11;10;18;10;10;15;13;10;8;34;34;30;23;33;25;39;27;32;22;41;33;25
Splitsko-dalmatinska;Split-Dalmatia;Sinj;24.826;23.452;230;251;224;232;213;222;238;247;232;230;261;239;241;224;247;229;235;260;231;280;232;239;275;280;265;234
Splitsko-dalmatinska;Split-Dalmatia;Solin;23.926;24.862;328;320;284;291;272;293;280;278;279;286;312;246;273;156;164;146;179;172;199;204;199;226;231;256;213;191
Splitsko-dalmatinska;Split-Dalmatia;Split;178.102;160.577;1.694;1.735;1.557;1.557;1.545;1.512;1.462;1.519;1.505;1.377;1.505;1.305;1.207;1.802;1.777;1.784;1.839;2.035;1.929;2.001;1.891;1.894;2.170;2.355;2.269;1.926
Splitsko-dalmatinska;Split-Dalmatia;Stari Grad;2.781;2.772;34;28;24;25;25;22;14;26;18;24;20;18;26;37;38;41;35;50;43;49;53;39;40;51;49;59
Splitsko-dalmatinska;Split-Dalmatia;Sućuraj;463;426;4;-;3;3;3;3;-;4;-;5;3;4;2;9;3;9;7;11;10;6;7;17;11;8;7;11
Splitsko-dalmatinska;Split-Dalmatia;Supetar;4.074;4.325;41;47;32;42;41;43;42;45;41;41;42;33;34;49;41;41;53;50;43;56;63;50;56;72;68;46
Splitsko-dalmatinska;Split-Dalmatia;Sutivan;822;936;9;5;9;8;8;5;8;5;8;10;6;11;9;9;11;9;5;12;15;13;10;9;14;23;14;18
Splitsko-dalmatinska;Split-Dalmatia;Šestanovac;1.958;1.669;17;13;17;13;15;16;14;9;10;13;16;17;8;29;33;25;36;36;31;37;39;43;41;41;31;36
Splitsko-dalmatinska;Split-Dalmatia;Šolta;1.700;1.975;11;6;12;8;12;11;9;14;13;14;10;5;14;33;38;32;40;26;37;25;37;43;35;50;56;39
Splitsko-dalmatinska;Split-Dalmatia;Trilj;9.109;8.182;83;96;98;84;87;102;67;75;79;71;71;83;60;105;127;120;99;116;107;114;133;114;116;118;105;111
Splitsko-dalmatinska;Split-Dalmatia;Trogir;13.192;12.393;126;135;149;115;122;121;127;108;126;129;115;99;88;133;123;142;110;142;161;128;147;139;157;170;180;145
Splitsko-dalmatinska;Split-Dalmatia;Tučepi;1.931;1.819;23;12;18;20;16;11;11;10;14;12;10;13;9;14;19;12;16;14;17;12;19;21;18;22;17;25
Splitsko-dalmatinska;Split-Dalmatia;Vis;1.934;1.918;14;24;15;13;9;12;18;23;10;11;12;21;11;34;28;34;25;32;24;31;43;29;31;50;26;24
Splitsko-dalmatinska;Split-Dalmatia;Vrgorac;6.572;5.698;76;87;68;70;73;64;48;73;57;56;69;60;58;84;91;95;74;94;85;85;70;63;88;62;80;68
Splitsko-dalmatinska;Split-Dalmatia;Vrlika;2.177;1.728;20;11;10;11;2;11;8;8;11;11;10;13;11;45;44;37;51;50;51;32;49;39;34;41;31;38
Splitsko-dalmatinska;Split-Dalmatia;Zadvarje;289;289;1;-;5;1;5;-;2;6;3;8;4;3;6;8;3;1;2;3;4;5;3;9;3;5;1;3
Splitsko-dalmatinska;Split-Dalmatia;Zagvozd;1.188;957;11;5;1;7;9;9;15;13;8;6;13;9;10;22;29;35;18;20;20;29;20;20;20;25;18;17
Splitsko-dalmatinska;Split-Dalmatia;Zmijavci;2.048;1.654;23;18;19;22;29;16;12;22;13;13;22;15;17;21;19;19;24;16;22;21;22;31;29;16;21;21
Istarska;Istria;Bale - Valle;1.127;1.170;13;11;9;11;18;10;14;13;18;10;10;15;8;10;14;15;15;15;16;12;12;10;14;24;14;15
Istarska;Istria;Barban;2.721;2.491;24;22;17;24;26;24;21;22;24;18;27;19;21;50;33;48;36;37;52;50;38;38;43;39;42;36
Istarska;Istria;Brtonigla - Verteneglio;1.626;1.523;13;10;11;17;17;20;13;16;7;15;15;8;10;18;17;19;21;16;11;13;14;22;13;19;16;13
Istarska;Istria;Buje - Buie;5.182;4.441;33;41;42;36;37;20;38;31;18;38;32;26;24;45;62;37;43;59;53;63;52;61;52;67;61;60
Istarska;Istria;Buzet;6.133;5.999;62;45;57;54;44;59;47;56;49;53;39;40;35;48;51;51;69;65;54;77;76;60;47;69;80;67
Istarska;Istria;Cerovlje;1.677;1.453;12;13;11;8;7;6;14;15;19;16;11;20;12;18;20;22;25;25;23;22;25;16;20;22;25;13
Istarska;Istria;Fažana - Fasana;3.635;3.463;32;26;36;39;25;20;38;29;20;27;35;20;21;40;27;25;27;31;47;40;45;33;46;41;61;38
Istarska;Istria;Funtana - Fontane;907;911;8;5;12;5;10;9;8;5;8;8;9;4;7;6;9;15;5;10;7;6;6;9;12;11;9;8
Istarska;Istria;Gračišće;1.419;1.312;14;12;11;15;16;17;14;12;17;14;8;14;12;19;19;20;14;22;9;19;12;22;19;18;17;15
Istarska;Istria;Grožnjan - Grisignana;736;656;8;7;5;2;4;8;3;6;6;9;3;6;1;12;15;5;12;8;7;9;7;10;9;14;14;11
Istarska;Istria;Kanfanar;1.543;1.498;10;15;19;12;9;20;19;15;13;11;20;22;14;29;23;32;23;17;24;23;19;26;16;30;26;15
Istarska;Istria;Karojba;1.438;1.404;12;13;14;15;16;11;18;13;13;14;17;16;10;16;20;20;16;14;22;14;14;11;15;18;19;12
Istarska;Istria;Kaštelir - Labinci - Castelliere-S. Domenica;1.463;1.493;19;14;17;12;12;12;15;19;14;10;12;15;13;19;20;13;21;20;16;21;17;15;17;17;20;14
Istarska;Istria;Kršan;2.951;2.829;21;28;22;28;22;29;24;27;33;23;29;30;30;42;42;27;24;46;36;42;35;51;51;49;46;39
Istarska;Istria;Labin;11.642;10.424;75;104;82;77;73;79;72;76;68;61;78;65;46;133;156;136;123;155;125;129;149;163;147;184;160;182
Istarska;Istria;Lanišće;329;268;-;3;2;2;4;3;4;4;1;5;2;7;1;4;9;6;6;8;10;10;7;9;12;1;8;6
Istarska;Istria;Ližnjan - Lisignano;3.965;4.087;30;37;40;33;37;37;40;30;29;33;42;24;35;42;45;32;39;38;43;51;42;51;49;46;48;40
Istarska;Istria;Lupoglav;924;836;10;12;6;7;5;11;6;6;5;7;5;3;5;13;11;11;11;19;13;16;18;9;19;11;13;16
Istarska;Istria;Marčana;4.253;4.250;37;40;35;32;26;31;25;31;20;38;44;39;31;45;61;46;63;66;46;59;51;48;57;69;68;49
Istarska;Istria;Medulin;6.481;6.552;71;59;55;70;51;52;43;43;62;43;43;55;41;53;65;55;50;63;79;68;69;80;82;100;102;76
Istarska;Istria;Motovun - Montona;1.004;912;7;12;7;8;7;10;4;11;8;13;6;6;7;16;12;9;11;17;8;21;6;18;7;15;10;9
Istarska;Istria;Novigrad - Cittanova;4.345;3.889;26;35;32;28;34;26;30;43;41;36;30;25;26;26;45;38;33;32;35;47;38;40;41;45;65;46
Istarska;Istria;Oprtalj - Portole;850;748;9;6;9;8;6;9;3;8;5;4;8;6;9;11;14;12;10;11;21;12;14;13;12;13;12;13
Istarska;Istria;Pazin;8.638;8.279;83;72;77;78;92;74;96;76;91;93;78;73;72;87;87;95;82;95;108;85;82;73;97;108;117;104
Istarska;Istria;Pićan;1.827;1.722;20;18;17;18;13;14;18;17;17;19;14;17;12;20;19;22;25;25;23;21;21;22;28;24;24;23
Istarska;Istria;Poreč - Parenzo;16.696;16.607;174;162;173;159;162;147;161;171;142;164;162;147;120;135;125;149;156;157;146;166;144;162;166;191;210;178
Istarska;Istria;Pula - Pola;57.460;52.220;500;486;454;476;437;423;417;431;390;402;416;390;371;689;672;595;653;668;684;736;736;691;745;783;869;744
Istarska;Istria;Raša;3.183;2.809;27;31;21;32;20;22;16;25;24;16;23;10;9;55;42;35;50;54;49;38;34;38;41;42;57;50
Istarska;Istria;Rovinj - Rovigno;14.294;12.968;128;128;124;126;126;129;123;116;89;136;97;101;88;120;146;150;133;148;158;152;172;163;182;206;191;169
Istarska;Istria;Sveta Nedelja;2.987;2.898;20;23;28;19;24;30;16;16;23;20;20;15;16;29;37;38;39;31;40;32;30;38;41;45;51;41
Istarska;Istria;Sveti Lovreč;1.015;960;7;5;8;12;11;11;3;10;7;4;13;9;3;12;12;11;12;14;18;17;16;16;14;17;15;13
Istarska;Istria;Sveti Petar u Šumi;1.065;1.051;10;16;11;13;12;10;13;11;14;10;13;16;18;7;12;10;16;20;8;13;10;13;8;9;17;10
Istarska;Istria;Svetvinčenat;2.202;2.179;19;20;27;23;27;18;25;13;28;16;20;16;13;31;29;35;28;43;29;44;31;38;22;36;26;33
Istarska;Istria;Tar-Vabriga - Torre-Abrega;1.990;2.148;12;12;33;28;20;15;20;18;19;20;25;13;21;13;9;26;26;18;18;23;18;21;20;23;24;20
Istarska;Istria;Tinjan;1.684;1.729;10;17;19;19;18;20;18;21;21;13;14;19;25;19;30;15;18;26;23;19;16;21;20;28;24;18
Istarska;Istria;Umag - Umago;13.467;12.699;113;108;116;114;111;103;112;84;127;119;108;94;77;132;127;134;111;154;131;136;149;136;176;160;174;143
Istarska;Istria;Višnjan - Visignano;2.274;2.096;16;31;21;20;19;21;21;12;14;20;20;23;19;26;30;36;37;33;22;21;23;25;29;32;23;36
Istarska;Istria;Vižinada - Visinada;1.158;1.142;14;12;13;13;11;9;12;13;9;4;16;15;9;13;19;10;15;10;12;9;9;10;19;19;20;14
Istarska;Istria;Vodnjan - Dignano;6.119;5.838;63;68;55;72;44;52;56;61;42;49;46;37;36;57;52;55;64;71;59;71;57;71;64;65;65;77
Istarska;Istria;Vrsar - Orsera;2.162;1.923;19;20;18;14;16;23;13;14;8;18;15;14;19;15;17;20;27;19;25;22;21;16;27;26;28;33
Istarska;Istria;Žminj;3.483;3.360;46;33;35;34;32;25;37;30;26;41;32;33;34;47;47;37;37;34;44;46;37;42;41;48;46;45
Dubrovačko-neretvanska;Dubrovnik-Neretva;Blato;3.593;3.330;37;33;31;36;34;27;34;32;28;34;31;27;34;38;36;44;43;36;36;61;55;47;51;73;50;50
Dubrovačko-neretvanska;Dubrovnik-Neretva;Dubrovačko primorje;2.170;1.636;19;22;23;21;9;14;15;18;12;11;9;13;17;37;39;43;29;27;39;40;30;32;22;33;29;28
Dubrovačko-neretvanska;Dubrovnik-Neretva;Dubrovnik;42.615;41.562;447;487;420;480;468;488;454;440;471;448;469;384;375;426;484;445;428;493;486;501;467;499;528;585;581;484
Dubrovačko-neretvanska;Dubrovnik-Neretva;Janjina;551;522;2;-;3;1;1;2;2;5;2;2;1;2;5;15;7;7;13;10;6;3;10;4;12;16;10;7
Dubrovačko-neretvanska;Dubrovnik-Neretva;Konavle;8.577;8.607;116;107;101;105;98;75;99;95;85;116;108;89;80;97;92;100;95;95;103;95;99;89;103;113;93;120
Dubrovačko-neretvanska;Dubrovnik-Neretva;Korčula;5.663;5.415;61;60;38;35;39;55;44;61;59;49;47;55;53;72;75;70;77;77;97;76;71;53;58;85;87;76
Dubrovačko-neretvanska;Dubrovnik-Neretva;Kula Norinska;1.748;1.414;21;26;22;15;22;14;13;13;18;15;8;19;17;20;16;15;23;20;11;22;24;18;17;17;20;21
Dubrovačko-neretvanska;Dubrovnik-Neretva;Lastovo;792;748;4;6;8;5;10;6;3;7;9;6;8;3;2;9;12;10;10;14;8;13;9;4;12;12;10;10
Dubrovačko-neretvanska;Dubrovnik-Neretva;Lumbarda;1.213;1.209;14;13;15;9;14;17;14;8;7;16;7;14;10;17;16;11;10;15;14;8;15;14;16;16;18;16
Dubrovačko-neretvanska;Dubrovnik-Neretva;Metković;16.788;15.235;174;202;194;186;180;183;169;164;158;176;179;141;155;125;126;126;108;122;130;124;117;109;130;170;130;137
Dubrovačko-neretvanska;Dubrovnik-Neretva;Mljet;1.088;1.062;11;4;8;14;9;12;11;10;5;11;9;13;13;20;16;21;22;18;19;19;14;21;12;20;25;12
Dubrovačko-neretvanska;Dubrovnik-Neretva;Opuzen;3.254;2.838;37;39;39;29;43;28;26;26;26;19;26;25;20;40;38;37;25;33;33;20;29;24;31;46;34;36
Dubrovačko-neretvanska;Dubrovnik-Neretva;Orebić;4.122;3.705;31;30;39;30;39;47;28;25;38;29;28;24;31;49;57;44;40;56;49;66;48;40;36;63;56;50
Dubrovačko-neretvanska;Dubrovnik-Neretva;Ploče;10.135;8.220;82;90;82;95;99;83;82;93;61;74;62;73;79;84;129;110;104;94;107;102;103;100;100;100;104;90
Dubrovačko-neretvanska;Dubrovnik-Neretva;Pojezerje;991;943;13;11;9;14;9;11;13;8;6;9;7;6;13;23;14;11;9;14;9;15;5;7;10;14;10;7
Dubrovačko-neretvanska;Dubrovnik-Neretva;Slivno;1.999;2.046;9;12;18;12;8;12;13;11;7;16;11;13;11;31;16;23;23;18;18;18;14;25;18;28;19;21
Dubrovačko-neretvanska;Dubrovnik-Neretva;Smokvica;916;868;7;2;7;7;11;7;6;16;13;7;9;9;8;12;15;21;9;13;13;11;14;8;15;11;14;13
Dubrovačko-neretvanska;Dubrovnik-Neretva;Ston;2.407;2.491;23;23;31;25;26;22;13;20;17;25;18;22;18;28;36;40;35;35;25;32;36;34;38;38;22;29
Dubrovačko-neretvanska;Dubrovnik-Neretva;Trpanj;721;683;4;3;3;3;6;8;6;6;3;8;4;1;1;14;13;12;12;12;9;10;13;19;17;11;12;15
Dubrovačko-neretvanska;Dubrovnik-Neretva;Vela Luka;4.137;3.772;23;31;23;19;41;36;47;26;34;42;42;22;21;50;58;58;50;69;63;60;64;51;58;67;74;58
Dubrovačko-neretvanska;Dubrovnik-Neretva;Zažablje;757;553;10;6;10;6;8;9;4;7;6;4;5;5;2;14;11;14;9;8;16;12;10;8;13;16;7;12
Dubrovačko-neretvanska;Dubrovnik-Neretva;Župa dubrovačka;8.331;8.705;127;117;128;138;109;115;112;101;114;98;111;91;84;63;65;52;64;63;68;71;74;65;66;94;81;68
Međimurska;Međimurje;Belica;3.176;2.822;29;19;27;27;26;28;23;28;18;33;24;28;20;41;37;53;38;41;28;30;39;39;42;62;41;33
Međimurska;Međimurje;Čakovec;27.104;27.122;314;315;300;307;317;312;288;296;289;289;282;248;258;291;235;260;254;295;271;296;276;265;333;333;351;279
Međimurska;Međimurje;Dekanovec;774;739;8;8;7;8;4;9;6;6;5;7;7;4;5;7;13;15;8;5;8;6;8;11;9;10;10;8
Međimurska;Međimurje;Domašinec;2.251;1.923;15;14;20;21;28;21;17;22;11;12;11;21;14;24;24;22;19;21;29;35;28;16;30;28;35;27
Međimurska;Međimurje;Donja Dubrava;1.920;1.658;20;11;16;12;3;13;15;13;13;18;16;14;16;24;35;27;24;21;21;37;29;40;27;35;44;32
Međimurska;Međimurje;Donji Kraljevec;4.659;4.043;41;41;44;27;24;31;31;34;29;27;36;25;23;75;64;71;56;71;61;66;50;64;64;54;63;48
Međimurska;Međimurje;Donji Vidovec;1.399;1.197;14;10;4;15;19;15;4;8;15;6;11;8;10;19;26;18;18;21;24;20;29;25;13;21;30;27
Međimurska;Međimurje;Goričan;2.823;2.343;33;13;29;18;23;20;21;21;28;30;15;26;14;30;30;46;40;24;26;29;41;27;33;43;36;35
Međimurska;Međimurje;Gornji Mihaljevec;1.917;1.740;21;10;12;16;18;13;15;15;14;17;11;15;9;21;24;30;21;24;19;21;26;30;19;20;33;19
Međimurska;Međimurje;Kotoriba;3.224;2.938;34;36;47;31;37;46;38;40;43;32;30;26;30;39;47;35;35;56;35;41;34;39;41;32;39;29
Međimurska;Međimurje;Mala Subotica;5.452;4.344;89;75;75;76;67;82;72;67;77;70;71;69;63;66;56;52;57;51;58;57;53;50;59;48;53;48
Međimurska;Međimurje;Mursko Središće;6.307;5.855;66;83;58;65;80;74;72;59;69;53;64;64;61;73;73;68;57;71;67;83;69;74;85;66;73;71
Međimurska;Međimurje;Nedelišće;11.975;11.017;175;144;144;143;152;154;168;160;152;154;152;120;137;126;104;112;111;130;103;141;100;110;122;146;133;123
Međimurska;Međimurje;Orehovica;2.685;2.720;32;46;48;43;41;44;49;45;50;48;63;51;49;31;28;30;29;41;31;25;43;32;37;37;42;32
Međimurska;Međimurje;Podturen;3.873;3.517;37;43;38;43;45;37;41;38;46;37;43;36;29;45;48;54;45;43;44;52;43;59;51;52;58;32
Međimurska;Međimurje;Prelog;7.815;7.027;52;62;74;52;84;79;69;81;72;75;72;76;67;103;77;88;85;97;80;89;86;85;111;115;102;73
Međimurska;Međimurje;Pribislavec;3.136;2.963;59;58;62;59;44;57;67;63;52;68;49;50;57;29;32;31;25;30;30;27;29;27;42;39;34;35
Međimurska;Međimurje;Selnica;2.991;2.636;34;28;30;27;35;15;23;23;11;22;21;22;16;21;27;36;33;29;33;38;31;29;39;44;55;30
Međimurska;Međimurje;Strahoninec;2.682;2.598;24;35;25;20;21;22;28;26;20;26;18;22;28;18;29;17;27;28;28;22;24;21;26;37;36;26
Međimurska;Međimurje;Sveta Marija;2.317;1.990;17;14;12;18;18;20;14;17;17;15;19;16;10;19;22;28;21;31;32;35;25;36;34;26;31;32
Međimurska;Međimurje;Sveti Juraj na Bregu;5.090;4.929;57;57;38;64;48;46;50;48;32;43;50;37;41;46;50;41;43;40;56;40;54;44;52;72;64;48
Međimurska;Međimurje;Sveti Martin na Muri;2.605;2.391;24;17;30;21;19;27;15;20;22;19;13;26;9;36;26;21;36;23;29;32;29;21;42;44;43;29
Međimurska;Međimurje;Šenkovec;2.879;2.708;21;26;22;26;18;25;24;20;15;28;30;19;23;20;25;25;29;24;29;25;24;27;31;27;26;40
Međimurska;Međimurje;Štrigova;2.766;2.357;17;26;19;21;19;14;17;21;18;23;16;18;18;26;35;32;36;31;40;42;27;34;38;40;36;36
Međimurska;Međimurje;Vratišinec;1.984;1.673;20;14;20;14;19;12;15;16;15;16;5;19;10;24;22;15;21;26;19;20;19;27;24;29;17;21
Grad Zagreb;City of Zagreb;Grad Zagreb/ City of Zagreb;790.017;767.131;8.411;8.394;8.254;8.452;8.039;8.120;8.076;8.235;8.062;7.865;8.030;7.456;6.995;8.396;8.329;8.360;8.359;8.821;8.528;8.826;9.036;8.865;9.938;10.962;9.636;9.025
;;;;;;;;;;;;;;;;;;;;;;;;;;;;;;
;;;;;;;;;;;;;;;;;;;;;;;;;;;;;;
1) Podaci su prikazani prema teritorijalnom ustroju prema Zakonu o područjima županija, gradova i općina u Republici Hrvatskoj (NN, br. 86/06., 125/06., 16/07., 95/08., 46/10., 145/10., 37/13., 44/13., 45/13. i 110/15.) sa stanjem na kraju svake referentne godine.;;;;;;;;;;;;;;;;;;;;;;;;;;;;;;
2) Procjena broja stanovnika za 2011. izračunana je na temelju podataka Popisa 2011. Procjene broja stanovnika od 2021.  do 2023. izračunane su na temelju podataka Popisa 2021. Procjene broja stanovnika za međupopisno razdoblje od 2012. do 2020. revidirane su na temelju podataka obaju popisa, Popisa 2011. i Popisa 2021.;;;;;;;;;;;;;;;;;;;;;;;;;;;;;;
;;;;;;;;;;;;;;;;;;;;;;;;;;;;;;
1) Data are presented by territorial constitution according to the Act on the Territories of Counties, Towns and Municipalities in the Republic of Croatia (NN, Nos 86/06, 125/06, 16/07, 95/08, 46/10, 145/10, 37/13, 44/13, 45/13 and 110/15) with the situation as at the end of each referent year.;;;;;;;;;;;;;;;;;;;;;;;;;;;;;;
2) Population estimate for 2011 was calculated on the basis of the 2011 Census. Population estimates in the period from 2021 to 2023 were calculated on the basis of the 2021 Census. Population estimates for the intercensal period from 2012 to 2020 were revised on the basis of both the 2011 Census and the 2021 Census.;;;;;;;;;;;;;;;;;;;;;;;;;;;;;;
