Županije;County of;Towns/municipalities";Total: 2011;Men;Women;0-14;15+;Children 0-14;Employed;Unemployed;Inactive;Unknown;Children 0-14;Basic school and less;Secondary education;Higher education;Unknown;Total:2021;Men:2021;Women:2021;0-14:2021;15+:2021
Zagrebačka;Zagreb;Bedenica;1.432;700;732;248;1.184;248;511;60;613;-;248;575;559;50;-;1.266;604;662;201;1.065
Zagrebačka;Zagreb;Bistra;6.632;3.237;3.395;1.119;5.513;1.119;2.564;386;2.563;-;1.119;1.781;3.226;504;2;6.444;3.129;3.315;904;5.540
Zagrebačka;Zagreb;Brckovljani;6.837;3.462;3.375;1.284;5.553;1.284;2.230;539;2.783;1;1.284;2.402;2.835;309;7;5.876;2.985;2.891;922;4.954
Zagrebačka;Zagreb;Brdovec;11.134;5.417;5.717;1.775;9.359;1.775;4.471;625;4.263;-;1.775;2.515;5.818;1.025;1;10.737;5.241;5.496;1.592;9.145
Zagrebačka;Zagreb;Dubrava;5.245;2.576;2.669;766;4.479;766;1.650;191;2.638;-;766;2.249;1.963;253;14;4.520;2.220;2.300;548;3.972
Zagrebačka;Zagreb;Dubravica;1.437;707;730;193;1.244;193;512;95;637;-;193;496;659;89;-;1.192;604;588;144;1.048
Zagrebačka;Zagreb;Dugo Selo;17.466;8.519;8.947;3.466;14.000;3.466;6.768;1.240;5.987;5;3.466;3.989;8.251;1.727;33;17.676;8.462;9.214;3.025;14.651
Zagrebačka;Zagreb;Farkaševac;1.937;958;979;333;1.604;333;565;95;943;1;333;966;548;41;49;1.562;753;809;208;1.354
Zagrebačka;Zagreb;Gradec;3.681;1.792;1.889;615;3.066;615;1.287;190;1.589;-;615;1.510;1.395;161;-;3.189;1.537;1.652;452;2.737
Zagrebačka;Zagreb;Ivanić-Grad;14.548;6.991;7.557;2.199;12.349;2.199;5.258;967;6.123;1;2.199;4.105;6.794;1.446;4;12.982;6.270;6.712;1.967;11.015
Zagrebačka;Zagreb;Jakovlje;3.930;1.925;2.005;575;3.355;575;1.447;268;1.640;-;575;1.337;1.788;217;13;3.797;1.826;1.971;597;3.200
Zagrebačka;Zagreb;Jastrebarsko;15.866;7.587;8.279;2.342;13.524;2.342;6.190;861;6.436;37;2.342;4.523;7.348;1.545;108;14.562;6.958;7.604;2.012;12.550
Zagrebačka;Zagreb;Klinča Sela;5.231;2.511;2.720;882;4.349;882;1.918;267;2.156;8;882;1.555;2.373;374;47;5.044;2.443;2.601;735;4.309
Zagrebačka;Zagreb;Kloštar Ivanić;6.091;3.023;3.068;1.052;5.039;1.052;1.976;412;2.651;-;1.052;2.049;2.622;366;2;5.523;2.721;2.802;807;4.716
Zagrebačka;Zagreb;Krašić;2.640;1.272;1.368;340;2.300;340;888;133;1.279;-;340;1.213;962;124;1;2.250;1.092;1.158;238;2.012
Zagrebačka;Zagreb;Kravarsko;1.987;994;993;335;1.652;335;653;82;917;-;335;733;813;106;-;1.824;924;900;267;1.557
Zagrebačka;Zagreb;Križ;6.963;3.316;3.647;1.015;5.948;1.015;2.217;473;3.258;-;1.015;2.460;2.980;505;3;6.098;2.996;3.102;807;5.291
Zagrebačka;Zagreb;Luka;1.351;656;695;197;1.154;197;462;77;614;1;197;499;592;62;1;1.265;622;643;169;1.096
Zagrebačka;Zagreb;Marija Gorica;2.233;1.105;1.128;318;1.915;318;822;149;944;-;318;619;1.082;211;3;2.094;1.061;1.033;290;1.804
Zagrebačka;Zagreb;Orle;1.975;941;1.034;285;1.690;285;639;127;915;9;285;814;795;70;11;1.765;863;902;261;1.504
Zagrebačka;Zagreb;Pisarovina;3.689;1.797;1.892;589;3.100;589;1.648;99;1.353;-;589;1.596;1.294;210;-;3.484;1.742;1.742;475;3.009
Zagrebačka;Zagreb;Pokupsko;2.224;1.108;1.116;372;1.852;372;604;147;1.101;-;372;1.030;756;65;1;1.926;977;949;212;1.714
Zagrebačka;Zagreb;Preseka;1.448;709;739;229;1.219;229;725;32;462;-;229;798;384;35;2;1.129;574;555;140;989
Zagrebačka;Zagreb;Pušća;2.700;1.320;1.380;467;2.233;467;1.073;168;992;-;467;714;1.244;232;43;2.564;1.258;1.306;389;2.175
Zagrebačka;Zagreb;Rakovec;1.252;588;664;215;1.037;215;569;48;420;-;215;598;384;55;-;1.141;537;604;163;978
Zagrebačka;Zagreb;Rugvica;7.871;3.867;4.004;1.391;6.480;1.391;2.896;636;2.945;3;1.391;2.483;3.572;363;62;7.133;3.486;3.647;1.063;6.070
Zagrebačka;Zagreb;Samobor;37.633;18.140;19.493;5.868;31.765;5.868;15.143;1.901;14.715;6;5.868;8.490;17.757;5.495;23;37.435;18.013;19.422;5.572;31.863
Zagrebačka;Zagreb;Stupnik;3.735;1.807;1.928;611;3.124;611;1.498;250;1.376;-;611;832;1.881;382;29;3.886;1.870;2.016;615;3.271
Zagrebačka;Zagreb;Sveta Nedelja;18.059;8.844;9.215;3.106;14.953;3.106;7.424;1.005;6.518;6;3.106;3.788;8.972;2.187;6;18.221;8.947;9.274;2.772;15.449
Zagrebačka;Zagreb;Sveti Ivan Zelina;15.959;7.711;8.248;2.556;13.403;2.556;5.881;833;6.679;10;2.556;5.186;6.998;1.193;26;14.602;7.074;7.528;2.040;12.562
Zagrebačka;Zagreb;Velika Gorica;63.517;30.694;32.823;10.536;52.981;10.536;25.117;3.665;24.184;15;10.536;13.602;31.090;8.254;35;61.075;29.447;31.628;9.452;51.623
Zagrebačka;Zagreb;Vrbovec;14.797;7.121;7.676;2.451;12.346;2.451;5.212;870;6.257;7;2.451;4.765;6.248;1.266;67;12.981;6.242;6.739;1.902;11.079
Zagrebačka;Zagreb;Zaprešić;25.223;11.995;13.228;4.060;21.163;4.060;10.729;1.481;8.947;6;4.060;4.436;12.583;4.135;9;24.133;11.434;12.699;3.632;20.501
Zagrebačka;Zagreb;Žumberak;883;460;423;64;819;64;231;48;540;-;64;519;271;29;-;609;316;293;32;577
Krapinsko-zagorska;Krapina-Zagorje;Bedekovčina;8.041;3.947;4.094;1.219;6.822;1.219;2.908;475;3.438;1;1.219;2.769;3.452;601;-;7.340;3.602;3.738;1.050;6.290
Krapinsko-zagorska;Krapina-Zagorje;Budinščina;2.503;1.253;1.250;418;2.085;418;727;130;1.228;-;418;1.091;890;99;5;2.182;1.095;1.087;313;1.869
Krapinsko-zagorska;Krapina-Zagorje;Desinić;2.933;1.453;1.480;371;2.562;371;842;162;1.558;-;371;1.415;1.019;108;20;2.530;1.292;1.238;273;2.257
Krapinsko-zagorska;Krapina-Zagorje;Donja Stubica;5.680;2.811;2.869;955;4.725;955;2.028;313;2.383;1;955;1.812;2.436;476;1;5.326;2.626;2.700;810;4.516
Krapinsko-zagorska;Krapina-Zagorje;Đurmanec;4.235;2.121;2.114;655;3.580;655;1.538;233;1.809;-;655;1.494;1.853;233;-;3.781;1.913;1.868;504;3.277
Krapinsko-zagorska;Krapina-Zagorje;Gornja Stubica;5.284;2.621;2.663;908;4.376;908;1.846;299;2.231;-;908;2.106;2.015;253;2;4.622;2.312;2.310;678;3.944
Krapinsko-zagorska;Krapina-Zagorje;Hrašćina;1.617;777;840;240;1.377;240;538;86;753;-;240;653;643;81;-;1.388;654;734;190;1.198
Krapinsko-zagorska;Krapina-Zagorje;Hum na Sutli;5.060;2.448;2.612;727;4.333;727;1.973;179;2.181;-;727;1.731;2.256;346;-;4.592;2.218;2.374;638;3.954
Krapinsko-zagorska;Krapina-Zagorje;Jesenje;1.560;770;790;232;1.328;232;532;82;714;-;232;601;638;89;-;1.371;665;706;184;1.187
Krapinsko-zagorska;Krapina-Zagorje;Klanjec;2.915;1.436;1.479;440;2.475;440;1.402;134;939;-;440;1.065;1.209;198;3;2.548;1.243;1.305;349;2.199
Krapinsko-zagorska;Krapina-Zagorje;Konjščina;3.790;1.805;1.985;577;3.213;577;1.381;170;1.662;-;577;1.104;1.773;336;-;3.308;1.597;1.711;450;2.858
Krapinsko-zagorska;Krapina-Zagorje;Kraljevec na Sutli;1.727;874;853;271;1.456;271;931;67;458;-;271;709;680;67;-;1.591;794;797;203;1.388
Krapinsko-zagorska;Krapina-Zagorje;Krapina;12.480;5.973;6.507;1.901;10.579;1.901;4.731;586;5.261;1;1.901;3.244;5.813;1.520;2;11.530;5.507;6.023;1.553;9.977
Krapinsko-zagorska;Krapina-Zagorje;Krapinske Toplice;5.367;2.606;2.761;750;4.617;750;2.036;307;2.274;-;750;1.793;2.291;533;-;4.827;2.329;2.498;594;4.233
Krapinsko-zagorska;Krapina-Zagorje;Kumrovec;1.588;796;792;204;1.384;204;626;114;644;-;204;552;734;98;-;1.412;712;700;174;1.238
Krapinsko-zagorska;Krapina-Zagorje;Lobor;3.188;1.517;1.671;464;2.724;464;949;176;1.599;-;464;1.283;1.309;132;-;2.703;1.300;1.403;318;2.385
Krapinsko-zagorska;Krapina-Zagorje;Mače;2.534;1.247;1.287;398;2.136;398;828;143;1.165;-;398;955;1.078;103;-;2.258;1.130;1.128;314;1.944
Krapinsko-zagorska;Krapina-Zagorje;Marija Bistrica;5.976;2.851;3.125;824;5.152;824;2.135;328;2.689;-;824;2.039;2.719;394;-;5.553;2.648;2.905;762;4.791
Krapinsko-zagorska;Krapina-Zagorje;Mihovljan;1.938;993;945;312;1.626;312;579;83;964;-;312;820;732;74;-;1.677;858;819;230;1.447
Krapinsko-zagorska;Krapina-Zagorje;Novi Golubovec;996;511;485;151;845;151;307;48;490;-;151;324;476;45;-;824;414;410;109;715
Krapinsko-zagorska;Krapina-Zagorje;Oroslavje;6.138;2.924;3.214;945;5.193;945;2.174;373;2.646;-;945;1.717;2.786;653;37;5.834;2.816;3.018;789;5.045
Krapinsko-zagorska;Krapina-Zagorje;Petrovsko;2.656;1.299;1.357;356;2.300;356;882;142;1.275;1;356;1.147;1.027;125;1;2.270;1.119;1.151;335;1.935
Krapinsko-zagorska;Krapina-Zagorje;Pregrada;6.594;3.255;3.339;1.057;5.537;1.057;2.411;321;2.804;1;1.057;2.768;2.405;362;2;5.927;2.895;3.032;867;5.060
Krapinsko-zagorska;Krapina-Zagorje;Radoboj;3.387;1.645;1.742;530;2.857;530;1.220;149;1.485;3;530;1.125;1.514;218;-;2.981;1.445;1.536;412;2.569
Krapinsko-zagorska;Krapina-Zagorje;Stubičke Toplice;2.805;1.329;1.476;395;2.410;395;972;170;1.268;-;395;708;1.314;388;-;2.740;1.288;1.452;352;2.388
Krapinsko-zagorska;Krapina-Zagorje;Sveti Križ Začretje;6.165;2.969;3.196;875;5.290;875;2.243;320;2.727;-;875;2.282;2.606;399;3;5.659;2.768;2.891;797;4.862
Krapinsko-zagorska;Krapina-Zagorje;Tuhelj;2.104;1.033;1.071;295;1.809;295;871;104;834;-;295;844;856;107;2;2.043;999;1.044;291;1.752
Krapinsko-zagorska;Krapina-Zagorje;Veliko Trgovišće;4.945;2.389;2.556;739;4.206;739;1.744;210;2.251;1;739;1.823;2.007;375;1;4.448;2.143;2.305;589;3.859
Krapinsko-zagorska;Krapina-Zagorje;Zabok;8.994;4.257;4.737;1.293;7.701;1.293;3.378;473;3.849;1;1.293;2.381;4.149;1.171;-;8.656;4.114;4.542;1.211;7.445
Krapinsko-zagorska;Krapina-Zagorje;Zagorska Sela;996;501;495;126;870;126;449;35;386;-;126;420;402;48;-;899;443;456;104;795
Krapinsko-zagorska;Krapina-Zagorje;Zlatar;6.096;3.002;3.094;951;5.145;951;2.169;361;2.615;-;951;1.985;2.705;455;-;5.574;2.712;2.862;836;4.738
Krapinsko-zagorska;Krapina-Zagorje;Zlatar-Bistrica;2.600;1.236;1.364;363;2.237;363;971;140;1.126;-;363;746;1.226;265;-;2.308;1.126;1.182;316;1.992
Sisačko-moslavačka;Sisak-Moslavina;Donji Kukuruzari;1.634;811;823;265;1.369;265;272;175;922;-;265;806;507;56;-;1.080;562;518;113;967
Sisačko-moslavačka;Sisak-Moslavina;Dvor;5.570;2.643;2.927;569;5.001;569;1.024;430;3.547;-;569;2.302;2.329;369;1;2.996;1.446;1.550;256;2.740
Sisačko-moslavačka;Sisak-Moslavina;Glina;9.283;4.661;4.622;1.199;8.084;1.199;2.185;771;5.122;6;1.199;4.231;3.316;527;10;7.116;3.786;3.330;850;6.266
Sisačko-moslavačka;Sisak-Moslavina;Gvozd;2.970;1.425;1.545;276;2.694;276;499;317;1.878;-;276;1.556;1.004;134;-;2.047;1.008;1.039;170;1.877
Sisačko-moslavačka;Sisak-Moslavina;Hrvatska Dubica;2.089;1.001;1.088;304;1.785;304;432;189;1.164;-;304;811;857;117;-;1.462;737;725;162;1.300
Sisačko-moslavačka;Sisak-Moslavina;Hrvatska Kostajnica;2.756;1.335;1.421;395;2.361;395;760;296;1.305;-;395;858;1.280;223;-;1.879;889;990;219;1.660
Sisačko-moslavačka;Sisak-Moslavina;Jasenovac;1.997;967;1.030;275;1.722;275;453;141;1.128;-;275;953;695;74;-;1.559;771;788;161;1.398
Sisačko-moslavačka;Sisak-Moslavina;Kutina;22.760;11.013;11.747;3.582;19.178;3.582;8.508;1.702;8.965;3;3.582;6.135;10.578;2.453;12;19.601;9.427;10.174;2.903;16.698
Sisačko-moslavačka;Sisak-Moslavina;Lekenik;6.032;3.032;3.000;954;5.078;954;2.009;369;2.700;-;954;2.247;2.513;316;2;5.343;2.690;2.653;755;4.588
Sisačko-moslavačka;Sisak-Moslavina;Lipovljani;3.455;1.692;1.763;538;2.917;538;1.157;256;1.504;-;538;1.203;1.522;191;1;2.807;1.384;1.423;420;2.387
Sisačko-moslavačka;Sisak-Moslavina;Majur;1.185;571;614;136;1.049;136;286;91;672;-;136;553;445;51;-;760;364;396;70;690
Sisačko-moslavačka;Sisak-Moslavina;Martinska Ves;3.488;1.686;1.802;489;2.999;489;952;225;1.822;-;489;1.609;1.254;134;2;2.861;1.383;1.478;359;2.502
Sisačko-moslavačka;Sisak-Moslavina;Novska;13.518;6.550;6.968;2.337;11.181;2.337;4.105;1.097;5.979;-;2.337;4.573;5.780;821;7;11.137;5.374;5.763;1.663;9.474
Sisačko-moslavačka;Sisak-Moslavina;Petrinja;24.671;11.930;12.741;3.866;20.805;3.866;7.307;2.550;10.945;3;3.866;7.363;11.131;2.299;12;19.950;9.768;10.182;2.584;17.366
Sisačko-moslavačka;Sisak-Moslavina;Popovača;11.905;6.013;5.892;1.972;9.933;1.972;3.850;873;5.210;-;1.972;4.205;4.984;720;24;10.255;5.133;5.122;1.564;8.691
Sisačko-moslavačka;Sisak-Moslavina;Sisak;47.768;22.706;25.062;6.278;41.490;6.278;16.538;3.835;21.098;19;6.278;11.388;23.691;6.381;30;40.121;18.931;21.190;4.937;35.184
Sisačko-moslavačka;Sisak-Moslavina;Sunja;5.748;2.846;2.902;710;5.038;710;1.137;613;3.287;1;710;2.772;2.045;221;-;4.124;2.100;2.024;464;3.660
Sisačko-moslavačka;Sisak-Moslavina;Topusko;2.985;1.427;1.558;395;2.590;395;808;177;1.602;3;395;1.130;1.220;231;9;2.222;1.072;1.150;228;1.994
Sisačko-moslavačka;Sisak-Moslavina;Velika Ludina;2.625;1.299;1.326;473;2.152;473;838;207;1.107;-;473;1.023;1.001;128;-;2.283;1.160;1.123;360;1.923
Karlovačka;Karlovac;Barilović;2.990;1.519;1.471;373;2.617;373;921;236;1.460;-;373;1.350;1.088;178;1;2.673;1.341;1.332;391;2.282
Karlovačka;Karlovac;Bosiljevo;1.284;653;631;142;1.142;142;419;89;634;-;142;601;463;78;-;1.040;547;493;123;917
Karlovačka;Karlovac;Cetingrad;2.027;1.060;967;303;1.724;303;479;206;1.039;-;303;1.081;575;68;-;1.491;775;716;177;1.314
Karlovačka;Karlovac;Draganić;2.741;1.285;1.456;369;2.372;369;826;188;1.303;55;369;1.006;1.107;203;56;2.541;1.232;1.309;386;2.155
Karlovačka;Karlovac;Duga Resa;11.180;5.405;5.775;1.418;9.762;1.418;4.144;859;4.757;2;1.418;3.003;5.496;1.261;2;10.212;4.912;5.300;1.369;8.843
Karlovačka;Karlovac;Generalski Stol;2.642;1.362;1.280;279;2.363;279;860;181;1.322;-;279;1.211;1.041;111;-;2.171;1.127;1.044;216;1.955
Karlovačka;Karlovac;Josipdol;3.773;1.895;1.878;592;3.181;592;1.091;246;1.844;-;592;1.321;1.618;242;-;3.419;1.716;1.703;540;2.879
Karlovačka;Karlovac;Kamanje;891;445;446;99;792;99;349;70;373;-;99;296;426;69;1;827;421;406;112;715
Karlovačka;Karlovac;Karlovac;55.705;26.162;29.543;7.512;48.193;7.512;20.041;3.860;24.260;32;7.512;13.003;25.969;8.947;274;49.377;23.170;26.207;6.241;43.136
Karlovačka;Karlovac;Krnjak;1.985;973;1.012;217;1.768;217;414;190;1.164;-;217;961;707;100;-;1.332;669;663;133;1.199
Karlovačka;Karlovac;Lasinja;1.624;783;841;234;1.390;234;491;69;826;4;234;746;555;89;-;1.322;638;684;166;1.156
Karlovačka;Karlovac;Netretić;2.862;1.394;1.468;331;2.531;331;916;200;1.415;-;331;1.336;1.073;122;-;2.439;1.222;1.217;289;2.150
Karlovačka;Karlovac;Ogulin;13.915;6.835;7.080;2.007;11.908;2.007;4.745;990;6.173;-;2.007;3.736;6.690;1.481;1;12.246;6.000;6.246;1.684;10.562
Karlovačka;Karlovac;Ozalj;6.817;3.344;3.473;868;5.949;868;2.390;452;3.106;1;868;2.722;2.762;464;1;5.837;2.859;2.978;769;5.068
Karlovačka;Karlovac;Plaški;2.090;1.017;1.073;261;1.829;261;338;266;1.225;-;261;868;842;119;-;1.650;824;826;244;1.406
Karlovačka;Karlovac;Rakovica;2.387;1.214;1.173;439;1.948;439;640;222;1.086;-;439;905;950;93;-;2.230;1.135;1.095;281;1.949
Karlovačka;Karlovac;Ribnik;475;254;221;44;431;44;161;40;230;-;44;213;176;42;-;362;196;166;30;332
Karlovačka;Karlovac;Saborsko;632;315;317;72;560;72;80;46;434;-;72;351;186;23;-;466;247;219;46;420
Karlovačka;Karlovac;Slunj;5.076;2.535;2.541;696;4.380;696;1.314;421;2.644;1;696;2.125;1.943;312;-;4.224;2.156;2.068;456;3.768
Karlovačka;Karlovac;Tounj;1.150;612;538;155;995;155;274;119;602;-;155;537;441;17;-;1.002;528;474;125;877
Karlovačka;Karlovac;Vojnić;4.764;2.385;2.379;682;4.082;682;864;463;2.754;1;682;2.191;1.532;187;172;3.602;1.820;1.782;427;3.175
Karlovačka;Karlovac;Žakanje;1.889;937;952;237;1.652;237;695;166;791;-;237;678;848;126;-;1.732;846;886;247;1.485
Varaždinska;Varaždin;Bednja;3.992;1.987;2.005;576;3.416;576;1.181;297;1.938;-;576;1.602;1.618;194;2;3.389;1.724;1.665;376;3.013
Varaždinska;Varaždin;Beretinec;2.176;1.098;1.078;344;1.832;344;842;139;851;-;344;728;1.000;104;-;2.049;1.030;1.019;284;1.765
Varaždinska;Varaždin;Breznica;2.200;1.086;1.114;383;1.817;383;710;98;1.009;-;383;940;797;80;-;1.970;993;977;319;1.651
Varaždinska;Varaždin;Breznički Hum;1.356;633;723;194;1.162;194;437;72;653;-;194;589;503;70;-;1.132;545;587;159;973
Varaždinska;Varaždin;Cestica;5.806;2.803;3.003;1.001;4.805;1.001;1.862;393;2.550;-;1.001;2.163;2.383;240;19;5.425;2.609;2.816;879;4.546
Varaždinska;Varaždin;Donja Voća;2.443;1.251;1.192;373;2.070;373;679;251;1.134;6;373;1.096;904;67;3;2.030;1.056;974;262;1.768
Varaždinska;Varaždin;Gornji Kneginec;5.349;2.643;2.706;813;4.536;813;2.048;373;2.111;4;813;1.543;2.559;422;12;4.900;2.416;2.484;671;4.229
Varaždinska;Varaždin;Ivanec;13.758;6.694;7.064;2.145;11.613;2.145;5.229;824;5.556;4;2.145;3.597;6.783;1.229;4;12.723;6.129;6.594;1.773;10.950
Varaždinska;Varaždin;Jalžabet;3.615;1.722;1.893;537;3.078;537;1.136;139;1.801;2;537;1.526;1.347;166;39;3.183;1.561;1.622;382;2.801
Varaždinska;Varaždin;Klenovnik;2.022;1.033;989;306;1.716;306;768;193;755;-;306;730;878;108;-;1.793;896;897;235;1.558
Varaždinska;Varaždin;Lepoglava;8.283;4.534;3.749;1.186;7.097;1.186;2.962;491;3.644;-;1.186;2.514;3.956;627;-;6.945;3.699;3.246;860;6.085
Varaždinska;Varaždin;Ludbreg;8.478;4.085;4.393;1.321;7.157;1.321;3.236;479;3.436;6;1.321;2.413;3.835;904;5;8.477;4.052;4.425;1.247;7.230
Varaždinska;Varaždin;Ljubešćica;1.858;901;957;312;1.546;312;623;96;820;7;312;671;768;104;3;1.689;826;863;243;1.446
Varaždinska;Varaždin;Mali Bukovec;2.212;1.058;1.154;368;1.844;368;756;84;1.003;1;368;1.077;678;87;2;1.809;888;921;252;1.557
Varaždinska;Varaždin;Martijanec;3.843;1.830;2.013;561;3.282;561;1.458;180;1.644;-;561;1.604;1.535;143;-;2.638;1.265;1.373;364;2.274
Varaždinska;Varaždin;Maruševec;6.381;3.132;3.249;927;5.454;927;2.431;356;2.663;4;927;2.252;2.835;363;4;5.682;2.820;2.862;810;4.872
Varaždinska;Varaždin;Novi Marof;13.246;6.527;6.719;2.128;11.118;2.128;4.924;755;5.437;2;2.128;3.811;6.320;986;1;11.795;5.827;5.968;1.642;10.153
Varaždinska;Varaždin;Petrijanec;4.812;2.343;2.469;963;3.849;963;1.709;330;1.810;-;963;1.750;1.900;196;3;4.553;2.245;2.308;869;3.684
Varaždinska;Varaždin;Sračinec;4.842;2.397;2.445;853;3.989;853;1.877;305;1.796;11;853;1.464;2.278;232;15;4.678;2.312;2.366;792;3.886
Varaždinska;Varaždin;Sveti Đurđ;3.804;1.872;1.932;666;3.138;666;1.238;198;1.702;-;666;1.714;1.297;125;2;3.326;1.661;1.665;466;2.860
Varaždinska;Varaždin;Sveti Ilija;3.511;1.717;1.794;571;2.940;571;1.326;193;1.421;-;571;1.059;1.645;236;-;3.242;1.587;1.655;462;2.780
Varaždinska;Varaždin;Trnovec Bartolovečki;6.884;3.316;3.568;1.183;5.701;1.183;2.806;361;2.534;-;1.183;2.089;3.183;427;2;6.145;2.953;3.192;839;5.306
Varaždinska;Varaždin;Varaždin;46.946;22.140;24.806;6.538;40.408;6.538;18.525;2.704;19.171;8;6.538;8.072;22.825;9.488;23;43.782;20.630;23.152;5.728;38.054
Varaždinska;Varaždin;Varaždinske Toplice;6.364;3.110;3.254;942;5.422;942;2.414;309;2.689;10;942;2.182;2.694;536;10;5.537;2.647;2.890;734;4.803
Varaždinska;Varaždin;Veliki Bukovec;1.438;675;763;240;1.198;240;464;37;674;23;240;627;481;66;24;1.325;656;669;160;1.165
Varaždinska;Varaždin;Vidovec;5.425;2.670;2.755;906;4.519;906;2.201;273;2.045;-;906;1.914;2.313;291;1;4.915;2.406;2.509;693;4.222
Varaždinska;Varaždin;Vinica;3.389;1.663;1.726;531;2.858;531;1.234;212;1.412;-;531;1.015;1.649;192;2;3.020;1.479;1.541;437;2.583
Varaždinska;Varaždin;Visoko;1.518;725;793;249;1.269;249;434;77;758;-;249;760;450;59;-;1.335;637;698;215;1.120
Koprivničko-križevačka;Koprivnica-Križevci;Drnje;1.863;921;942;295;1.568;295;788;118;662;-;295;785;677;106;-;1.533;746;787;220;1.313
Koprivničko-križevačka;Koprivnica-Križevci;Đelekovec;1.533;736;797;179;1.354;179;533;64;757;-;179;723;521;110;-;1.281;616;665;137;1.144
Koprivničko-križevačka;Koprivnica-Križevci;Đurđevac;8.264;4.003;4.261;1.345;6.919;1.345;2.791;626;3.499;3;1.345;2.857;3.218;843;1;7.378;3.591;3.787;1.194;6.184
Koprivničko-križevačka;Koprivnica-Križevci;Ferdinandovac;1.750;856;894;249;1.501;249;625;108;768;-;249;869;547;85;-;1.415;696;719;185;1.230
Koprivničko-križevačka;Koprivnica-Križevci;Gola;2.431;1.223;1.208;408;2.023;408;927;72;1.024;-;408;1.409;568;46;-;2.078;1.062;1.016;332;1.746
Koprivničko-križevačka;Koprivnica-Križevci;Gornja Rijeka;1.779;881;898;351;1.428;351;692;129;607;-;351;891;499;36;2;1.559;783;776;249;1.310
Koprivničko-križevačka;Koprivnica-Križevci;Hlebine;1.304;643;661;198;1.106;198;447;76;583;-;198;676;375;55;-;1.180;572;608;197;983
Koprivničko-križevačka;Koprivnica-Križevci;Kalinovac;1.597;764;833;258;1.339;258;694;109;536;-;258;639;589;111;-;1.297;649;648;183;1.114
Koprivničko-križevačka;Koprivnica-Križevci;Kalnik;1.351;676;675;195;1.156;195;464;76;615;1;195;721;371;64;-;1.154;566;588;157;997
Koprivničko-križevačka;Koprivnica-Križevci;Kloštar Podravski;3.306;1.621;1.685;597;2.709;597;991;300;1.418;-;597;1.668;902;135;4;2.749;1.355;1.394;442;2.307
Koprivničko-križevačka;Koprivnica-Križevci;Koprivnica;30.854;14.609;16.245;4.688;26.166;4.688;11.850;2.006;12.306;4;4.688;7.779;13.475;4.901;11;28.580;13.520;15.060;4.033;24.547
Koprivničko-križevačka;Koprivnica-Križevci;Koprivnički Bregi;2.381;1.163;1.218;355;2.026;355;811;136;1.079;-;355;1.026;888;112;-;1.968;990;978;250;1.718
Koprivničko-križevačka;Koprivnica-Križevci;Koprivnički Ivanec;2.121;1.046;1.075;291;1.830;291;743;146;941;-;291;967;755;108;-;1.798;870;928;251;1.547
Koprivničko-križevačka;Koprivnica-Križevci;Križevci;21.122;10.270;10.852;3.258;17.864;3.258;7.645;1.200;9.009;10;3.258;7.286;8.249;2.292;37;18.949;9.202;9.747;2.665;16.284
Koprivničko-križevačka;Koprivnica-Križevci;Legrad;2.241;1.101;1.140;271;1.970;271;1.244;83;642;1;271;1.166;710;92;2;1.916;955;961;229;1.687
Koprivničko-križevačka;Koprivnica-Križevci;Molve;2.189;1.056;1.133;417;1.772;417;724;132;916;-;417;1.153;529;89;1;1.767;886;881;271;1.496
Koprivničko-križevačka;Koprivnica-Križevci;Novigrad Podravski;2.872;1.396;1.476;452;2.420;452;965;110;1.344;1;452;1.181;1.061;170;8;2.300;1.113;1.187;317;1.983
Koprivničko-križevačka;Koprivnica-Križevci;Novo Virje;1.216;583;633;209;1.007;209;458;63;486;-;209;703;272;32;-;1.026;518;508;160;866
Koprivničko-križevačka;Koprivnica-Križevci;Peteranec;2.704;1.343;1.361;487;2.217;487;968;202;1.045;2;487;1.235;856;124;2;2.300;1.142;1.158;389;1.911
Koprivničko-križevačka;Koprivnica-Križevci;Podravske Sesvete;1.630;780;850;260;1.370;260;621;81;668;-;260;839;481;50;-;1.446;710;736;205;1.241
Koprivničko-križevačka;Koprivnica-Križevci;Rasinja;3.267;1.588;1.679;513;2.754;513;1.009;276;1.469;-;513;1.559;1.049;146;-;2.631;1.295;1.336;369;2.262
Koprivničko-križevačka;Koprivnica-Križevci;Sokolovac;3.417;1.678;1.739;511;2.906;511;948;168;1.789;1;511;1.911;894;101;-;2.789;1.394;1.395;366;2.423
Koprivničko-križevačka;Koprivnica-Križevci;Sveti Ivan Žabno;5.222;2.554;2.668;810;4.412;810;1.967;263;2.171;11;810;2.567;1.630;203;12;4.343;2.084;2.259;682;3.661
Koprivničko-križevačka;Koprivnica-Križevci;Sveti Petar Orehovec;4.583;2.215;2.368;756;3.827;756;1.933;299;1.595;-;756;2.671;1.019;136;1;3.942;1.929;2.013;570;3.372
Koprivničko-križevačka;Koprivnica-Križevci;Virje;4.587;2.258;2.329;798;3.789;798;1.335;394;2.059;1;798;1.936;1.593;257;3;3.842;1.885;1.957;565;3.277
Bjelovarsko-bilogorska;Bjelovar-Bilogora;Berek;1.443;727;716;235;1.208;235;372;71;765;-;235;811;363;34;-;1.106;553;553;162;944
Bjelovarsko-bilogorska;Bjelovar-Bilogora;Bjelovar;40.276;19.189;21.087;6.149;34.127;6.149;14.235;3.030;16.797;65;6.149;11.396;17.866;4.737;128;36.316;17.345;18.971;5.242;31.074
Bjelovarsko-bilogorska;Bjelovar-Bilogora;Čazma;8.077;3.976;4.101;1.260;6.817;1.260;3.219;527;3.071;-;1.260;3.135;3.152;529;1;6.930;3.402;3.528;1.052;5.878
Bjelovarsko-bilogorska;Bjelovar-Bilogora;Daruvar;11.633;5.568;6.065;1.659;9.974;1.659;4.108;839;5.026;1;1.659;2.835;5.609;1.530;-;10.105;4.831;5.274;1.372;8.733
Bjelovarsko-bilogorska;Bjelovar-Bilogora;Dežanovac;2.715;1.330;1.385;411;2.304;411;804;203;1.297;-;411;1.323;923;56;2;1.978;982;996;257;1.721
Bjelovarsko-bilogorska;Bjelovar-Bilogora;Đulovac;3.245;1.685;1.560;718;2.527;718;1.015;301;1.211;-;718;1.747;720;40;20;2.772;1.484;1.288;564;2.208
Bjelovarsko-bilogorska;Bjelovar-Bilogora;Garešnica;10.472;5.053;5.419;1.620;8.852;1.620;3.196;724;4.932;-;1.620;3.954;4.162;714;22;8.624;4.196;4.428;1.115;7.509
Bjelovarsko-bilogorska;Bjelovar-Bilogora;Grubišno Polje;6.478;3.135;3.343;904;5.574;904;2.464;531;2.579;-;904;2.536;2.574;464;-;5.367;2.623;2.744;802;4.565
Bjelovarsko-bilogorska;Bjelovar-Bilogora;Hercegovac;2.383;1.196;1.187;347;2.036;347;868;155;1.013;-;347;937;952;147;-;1.910;951;959;208;1.702
Bjelovarsko-bilogorska;Bjelovar-Bilogora;Ivanska;2.911;1.465;1.446;437;2.474;437;1.159;152;1.163;-;437;1.511;852;109;2;2.256;1.159;1.097;293;1.963
Bjelovarsko-bilogorska;Bjelovar-Bilogora;Kapela;2.984;1.457;1.527;469;2.515;469;883;265;1.367;-;469;1.531;886;96;2;2.367;1.180;1.187;345;2.022
Bjelovarsko-bilogorska;Bjelovar-Bilogora;Končanica;2.360;1.158;1.202;301;2.059;301;1.027;132;900;-;301;1.052;920;85;2;1.805;894;911;187;1.618
Bjelovarsko-bilogorska;Bjelovar-Bilogora;Nova Rača;3.433;1.695;1.738;518;2.915;518;1.310;283;1.322;-;518;1.664;1.117;133;1;2.756;1.356;1.400;390;2.366
Bjelovarsko-bilogorska;Bjelovar-Bilogora;Rovišće;4.822;2.357;2.465;938;3.884;938;1.453;450;1.979;2;938;2.078;1.619;184;3;4.144;2.019;2.125;735;3.409
Bjelovarsko-bilogorska;Bjelovar-Bilogora;Severin;877;426;451;121;756;121;313;60;383;-;121;428;314;14;-;702;356;346;88;614
Bjelovarsko-bilogorska;Bjelovar-Bilogora;Sirač;2.218;1.083;1.135;299;1.919;299;731;161;1.027;-;299;871;951;97;-;1.796;904;892;231;1.565
Bjelovarsko-bilogorska;Bjelovar-Bilogora;Šandrovac;1.776;866;910;297;1.479;297;832;61;586;-;297;970;478;31;-;1.411;675;736;218;1.193
Bjelovarsko-bilogorska;Bjelovar-Bilogora;Štefanje;2.030;1.009;1.021;320;1.710;320;704;139;865;2;320;1.014;622;72;2;1.688;859;829;272;1.416
Bjelovarsko-bilogorska;Bjelovar-Bilogora;Velika Pisanica;1.781;863;918;264;1.517;264;821;42;654;-;264;936;530;51;-;1.313;638;675;189;1.124
Bjelovarsko-bilogorska;Bjelovar-Bilogora;Velika Trnovitica;1.370;699;671;209;1.161;209;430;80;651;-;209;681;421;59;-;1.091;563;528;150;941
Bjelovarsko-bilogorska;Bjelovar-Bilogora;Veliki Grđevac;2.849;1.407;1.442;427;2.422;427;1.154;190;1.077;1;427;1.330;971;121;-;2.316;1.168;1.148;331;1.985
Bjelovarsko-bilogorska;Bjelovar-Bilogora;Veliko Trojstvo;2.741;1.358;1.383;389;2.352;389;861;230;1.261;-;389;1.289;957;105;1;2.379;1.155;1.224;296;2.083
Bjelovarsko-bilogorska;Bjelovar-Bilogora;Zrinski Topolovac;890;431;459;149;741;149;343;81;317;-;149;564;159;18;-;747;351;396;154;593
Primorsko-goranska;Primorje-Gorski kotar;Bakar;8.279;4.062;4.217;1.169;7.110;1.169;3.254;572;3.280;4;1.169;1.758;4.275;1.065;12;7.573;3.674;3.899;983;6.590
Primorsko-goranska;Primorje-Gorski kotar;Baška;1.674;809;865;196;1.478;196;559;42;876;1;196;335;883;260;-;1.656;803;853;198;1.458
Primorsko-goranska;Primorje-Gorski kotar;Brod Moravice;866;429;437;99;767;99;258;59;449;1;99;289;386;88;4;663;333;330;79;584
Primorsko-goranska;Primorje-Gorski kotar;Cres;2.879;1.440;1.439;370;2.509;370;1.196;128;1.184;1;370;729;1.391;389;-;2.716;1.363;1.353;352;2.364
Primorsko-goranska;Primorje-Gorski kotar;Crikvenica;11.122;5.311;5.811;1.405;9.717;1.405;3.736;874;5.095;12;1.405;1.921;5.996;1.787;13;9.980;4.712;5.268;1.115;8.865
Primorsko-goranska;Primorje-Gorski kotar;Čabar;3.770;1.913;1.857;415;3.355;415;1.580;126;1.649;-;415;1.217;1.741;397;-;3.226;1.626;1.600;379;2.847
Primorsko-goranska;Primorje-Gorski kotar;Čavle;7.220;3.547;3.673;1.031;6.189;1.031;2.855;460;2.873;1;1.031;1.569;3.764;850;6;7.059;3.381;3.678;991;6.068
Primorsko-goranska;Primorje-Gorski kotar;Delnice;5.952;2.930;3.022;740;5.212;740;2.331;410;2.471;-;740;1.585;2.832;795;-;5.135;2.517;2.618;664;4.471
Primorsko-goranska;Primorje-Gorski kotar;Dobrinj;2.078;1.041;1.037;225;1.853;225;738;74;1.041;-;225;483;1.124;246;-;2.150;1.057;1.093;238;1.912
Primorsko-goranska;Primorje-Gorski kotar;Fužine;1.592;796;796;163;1.429;163;589;93;746;1;163;481;792;151;5;1.394;696;698;126;1.268
Primorsko-goranska;Primorje-Gorski kotar;Jelenje;5.344;2.660;2.684;744;4.600;744;2.147;320;2.133;-;744;1.333;2.768;479;20;5.096;2.504;2.592;710;4.386
Primorsko-goranska;Primorje-Gorski kotar;Kastav;10.440;5.140;5.300;1.555;8.885;1.555;4.376;602;3.907;-;1.555;1.567;5.188;2.126;4;10.202;4.987;5.215;1.501;8.701
Primorsko-goranska;Primorje-Gorski kotar;Klana;1.975;963;1.012;268;1.707;268;793;98;815;1;268;497;1.044;165;1;1.845;941;904;231;1.614
Primorsko-goranska;Primorje-Gorski kotar;Kostrena;4.180;2.057;2.123;554;3.626;554;1.693;264;1.669;-;554;583;1.969;1.072;2;4.398;2.137;2.261;649;3.749
Primorsko-goranska;Primorje-Gorski kotar;Kraljevica;4.618;2.238;2.380;599;4.019;599;1.831;250;1.890;48;599;775;2.443;746;55;4.066;1.959;2.107;469;3.597
Primorsko-goranska;Primorje-Gorski kotar;Krk;6.281;3.126;3.155;865;5.416;865;2.634;231;2.532;19;865;1.229;3.185;965;37;6.816;3.399;3.417;973;5.843
Primorsko-goranska;Primorje-Gorski kotar;Lokve;1.049;489;560;122;927;122;386;64;477;-;122;292;515;98;22;850;418;432;90;760
Primorsko-goranska;Primorje-Gorski kotar;Lopar;1.263;619;644;180;1.083;180;392;100;589;2;180;285;688;107;3;1.107;531;576;153;954
Primorsko-goranska;Primorje-Gorski kotar;Lovran;4.101;1.982;2.119;445;3.656;445;1.527;219;1.909;1;445;653;2.234;762;7;3.527;1.690;1.837;387;3.140
Primorsko-goranska;Primorje-Gorski kotar;Mali Lošinj;8.116;3.987;4.129;1.038;7.078;1.038;3.326;461;3.282;9;1.038;1.699;4.236;1.130;13;7.537;3.742;3.795;924;6.613
Primorsko-goranska;Primorje-Gorski kotar;Malinska-Dubašnica;3.134;1.512;1.622;436;2.698;436;1.092;144;1.462;-;436;556;1.635;504;3;3.212;1.543;1.669;453;2.759
Primorsko-goranska;Primorje-Gorski kotar;Matulji;11.246;5.475;5.771;1.486;9.760;1.486;4.687;678;4.394;1;1.486;1.970;6.064;1.721;5;10.773;5.188;5.585;1.473;9.300
Primorsko-goranska;Primorje-Gorski kotar;Mošćenička Draga;1.535;767;768;156;1.379;156;582;79;718;-;156;309;824;246;-;1.288;655;633;140;1.148
Primorsko-goranska;Primorje-Gorski kotar;Mrkopalj;1.214;621;593;123;1.091;123;404;51;636;-;123;438;556;96;1;924;451;473;81;843
Primorsko-goranska;Primorje-Gorski kotar;Novi Vinodolski;5.113;2.546;2.567;621;4.492;621;1.747;337;2.406;2;621;1.101;2.705;682;4;4.328;2.112;2.216;423;3.905
Primorsko-goranska;Primorje-Gorski kotar;Omišalj;2.983;1.505;1.478;321;2.662;321;1.337;194;1.131;-;321;468;1.588;605;1;2.992;1.460;1.532;448;2.544
Primorsko-goranska;Primorje-Gorski kotar;Opatija;11.659;5.381;6.278;1.251;10.408;1.251;4.398;721;5.139;150;1.251;1.495;5.972;2.783;158;10.619;4.934;5.685;1.272;9.347
Primorsko-goranska;Primorje-Gorski kotar;Punat;1.973;996;977;267;1.706;267;754;69;879;4;267;359;1.042;301;4;1.900;947;953;231;1.669
Primorsko-goranska;Primorje-Gorski kotar;Rab;8.065;3.965;4.100;1.142;6.923;1.142;2.880;455;3.584;4;1.142;1.540;4.522;856;5;7.161;3.445;3.716;949;6.212
Primorsko-goranska;Primorje-Gorski kotar;Ravna Gora;2.430;1.202;1.228;259;2.171;259;940;107;1.124;-;259;869;1.110;192;-;2.028;1.000;1.028;209;1.819
Primorsko-goranska;Primorje-Gorski kotar;Rijeka;128.624;60.951;67.673;14.965;113.659;14.965;50.494;8.761;54.340;64;14.965;23.176;63.298;27.040;145;107.964;50.453;57.511;12.467;95.497
Primorsko-goranska;Primorje-Gorski kotar;Skrad;1.062;517;545;95;967;95;385;40;542;-;95;343;517;107;-;858;420;438;87;771
Primorsko-goranska;Primorje-Gorski kotar;Vinodolska općina;3.577;1.786;1.791;443;3.134;443;1.272;294;1.568;-;443;792;1.984;358;-;3.226;1.618;1.608;362;2.864
Primorsko-goranska;Primorje-Gorski kotar;Viškovo;14.445;7.161;7.284;2.487;11.958;2.487;6.262;1.006;4.685;5;2.487;2.262;7.384;2.247;65;16.084;7.832;8.252;2.759;13.325
Primorsko-goranska;Primorje-Gorski kotar;Vrbnik;1.260;644;616;163;1.097;163;478;30;589;-;163;317;608;171;1;1.190;592;598;168;1.022
Primorsko-goranska;Primorje-Gorski kotar;Vrbovsko;5.076;2.517;2.559;569;4.507;569;1.610;449;2.448;-;569;1.647;2.405;449;6;3.876;1.934;1.942;324;3.552
Ličko-senjska;Lika-Senj;Brinje;3.256;1.609;1.647;441;2.815;441;702;247;1.866;-;441;1.680;1.052;82;1;2.563;1.300;1.263;281;2.282
Ličko-senjska;Lika-Senj;Donji Lapac;2.113;1.063;1.050;178;1.935;178;397;153;1.385;-;178;873;902;160;-;1.366;683;683;122;1.244
Ličko-senjska;Lika-Senj;Gospić;12.745;6.332;6.413;2.021;10.724;2.021;4.183;501;6.037;3;2.021;3.609;5.555;1.556;4;11.502;5.682;5.820;1.663;9.839
Ličko-senjska;Lika-Senj;Karlobag;917;454;463;87;830;87;204;21;605;-;87;329;418;80;3;780;389;391;59;721
Ličko-senjska;Lika-Senj;Lovinac;1.007;522;485;128;879;128;195;54;630;-;128;437;388;54;-;943;482;461;117;826
Ličko-senjska;Lika-Senj;Novalja;3.663;1.857;1.806;540;3.123;540;1.134;170;1.819;-;540;997;1.758;367;1;3.680;1.829;1.851;503;3.177
Ličko-senjska;Lika-Senj;Otočac;9.778;4.890;4.888;1.320;8.458;1.320;2.877;659;4.920;2;1.320;3.458;4.117;799;84;8.332;4.093;4.239;1.070;7.262
Ličko-senjska;Lika-Senj;Perušić;2.638;1.327;1.311;292;2.346;292;600;101;1.644;1;292;1.331;862;153;-;1.973;1.021;952;220;1.753
Ličko-senjska;Lika-Senj;Plitvička Jezera;4.373;2.137;2.236;759;3.614;759;1.435;248;1.931;-;759;1.393;1.862;359;-;3.649;1.755;1.894;503;3.146
Ličko-senjska;Lika-Senj;Senj;7.182;3.547;3.635;856;6.326;856;2.251;548;3.525;2;856;2.146;3.377;798;5;5.973;2.963;3.010;614;5.359
Ličko-senjska;Lika-Senj;Udbina;1.874;929;945;203;1.671;203;530;114;1.027;-;203;888;675;107;1;1.334;675;659;139;1.195
Ličko-senjska;Lika-Senj;Vrhovine;1.381;680;701;100;1.281;100;157;127;996;1;100;596;593;90;2;653;320;333;65;588
Virovitičko-podravska;Virovitica-Podravina;Crnac;1.456;716;740;221;1.235;221;294;117;824;-;221;734;464;37;-;1.116;555;561;144;972
Virovitičko-podravska;Virovitica-Podravina;Čačinci;2.802;1.331;1.471;396;2.406;396;721;229;1.456;-;396;1.058;1.192;156;-;2.162;1.038;1.124;277;1.885
Virovitičko-podravska;Virovitica-Podravina;Čađavica;2.009;996;1.013;307;1.702;307;498;135;1.069;-;307;970;683;49;-;1.555;776;779;187;1.368
Virovitičko-podravska;Virovitica-Podravina;Gradina;3.850;1.883;1.967;641;3.209;641;861;290;2.056;2;641;1.924;1.174;103;8;2.874;1.426;1.448;372;2.502
Virovitičko-podravska;Virovitica-Podravina;Lukač;3.634;1.778;1.856;546;3.088;546;966;295;1.819;8;546;1.690;1.281;97;20;2.759;1.358;1.401;376;2.383
Virovitičko-podravska;Virovitica-Podravina;Mikleuš;1.464;724;740;253;1.211;253;327;156;728;-;253;660;495;56;-;1.067;533;534;143;924
Virovitičko-podravska;Virovitica-Podravina;Nova Bukovica;1.771;897;874;265;1.506;265;346;151;1.009;-;265;808;644;54;-;1.275;650;625;149;1.126
Virovitičko-podravska;Virovitica-Podravina;Orahovica;5.304;2.532;2.772;788;4.516;788;1.713;329;2.473;1;788;1.442;2.443;630;1;4.537;2.191;2.346;637;3.900
Virovitičko-podravska;Virovitica-Podravina;Pitomača;10.059;4.819;5.240;1.710;8.349;1.710;2.892;629;4.827;1;1.710;4.860;3.047;441;1;8.402;3.991;4.411;1.191;7.211
Virovitičko-podravska;Virovitica-Podravina;Slatina;13.686;6.603;7.083;2.169;11.517;2.169;3.993;1.352;6.171;1;2.169;4.238;6.052;1.221;6;11.503;5.508;5.995;1.638;9.865
Virovitičko-podravska;Virovitica-Podravina;Sopje;2.320;1.147;1.173;331;1.989;331;564;191;1.234;-;331;1.294;654;41;-;1.897;942;955;265;1.632
Virovitičko-podravska;Virovitica-Podravina;Suhopolje;6.683;3.213;3.470;951;5.732;951;1.477;474;3.775;6;951;3.196;2.270;247;19;5.267;2.521;2.746;707;4.560
Virovitičko-podravska;Virovitica-Podravina;Špišić Bukovica;4.221;2.036;2.185;705;3.516;705;1.141;290;2.085;-;705;2.196;1.214;106;-;3.303;1.583;1.720;463;2.840
Virovitičko-podravska;Virovitica-Podravina;Virovitica;21.291;10.223;11.068;3.280;18.011;3.280;7.382;1.617;9.010;2;3.280;5.819;9.712;2.475;5;19.302;9.208;10.094;2.766;16.536
Virovitičko-podravska;Virovitica-Podravina;Voćin;2.382;1.224;1.158;626;1.756;626;398;256;1.102;-;626;1.152;537;67;-;1.896;1.002;894;449;1.447
Virovitičko-podravska;Virovitica-Podravina;Zdenci;1.904;895;1.009;303;1.601;303;511;151;939;-;303;752;746;102;1;1.453;707;746;161;1.292
Požeško-slavonska;Požega-Slavonia;Brestovac;3.726;1.824;1.902;649;3.077;649;1.023;215;1.839;-;649;1.558;1.344;173;2;2.980;1.467;1.513;424;2.556
Požeško-slavonska;Požega-Slavonia;Čaglin;2.723;1.349;1.374;368;2.355;368;516;127;1.712;-;368;1.528;724;98;5;2.111;1.095;1.016;283;1.828
Požeško-slavonska;Požega-Slavonia;Jakšić;4.058;1.975;2.083;758;3.300;758;1.159;256;1.885;-;758;1.317;1.688;295;-;3.371;1.639;1.732;571;2.800
Požeško-slavonska;Požega-Slavonia;Kaptol;3.472;1.734;1.738;689;2.783;689;879;298;1.605;1;689;1.378;1.258;145;2;2.605;1.314;1.291;351;2.254
Požeško-slavonska;Požega-Slavonia;Kutjevo;6.247;3.076;3.171;1.096;5.151;1.096;1.691;453;3.005;2;1.096;2.611;2.180;357;3;4.870;2.392;2.478;686;4.184
Požeško-slavonska;Požega-Slavonia;Lipik;6.170;2.949;3.221;955;5.215;955;1.742;464;3.007;2;955;2.435;2.392;384;4;5.127;2.485;2.642;768;4.359
Požeško-slavonska;Požega-Slavonia;Pakrac;8.460;4.021;4.439;1.336;7.124;1.336;2.415;574;4.131;4;1.336;2.931;3.505;684;4;7.086;3.355;3.731;994;6.092
Požeško-slavonska;Požega-Slavonia;Pleternica;11.323;5.620;5.703;2.035;9.288;2.035;2.837;837;5.613;1;2.035;4.497;4.142;575;74;9.138;4.551;4.587;1.348;7.790
Požeško-slavonska;Požega-Slavonia;Požega;26.248;12.549;13.699;4.185;22.063;4.185;8.235;2.005;11.812;11;4.185;7.112;11.451;3.479;21;22.294;10.687;11.607;3.041;19.253
Požeško-slavonska;Požega-Slavonia;Velika;5.607;2.750;2.857;1.071;4.536;1.071;1.451;498;2.585;2;1.071;2.152;2.068;308;8;4.502;2.215;2.287;686;3.816
Brodsko-posavska;Slavonski Brod-Posavina;Bebrina;3.252;1.627;1.625;662;2.590;662;944;313;1.333;-;662;1.408;1.093;89;-;2.817;1.421;1.396;483;2.334
Brodsko-posavska;Slavonski Brod-Posavina;Brodski Stupnik;3.036;1.485;1.551;502;2.534;502;797;234;1.503;-;502;1.021;1.377;136;-;2.357;1.168;1.189;350;2.007
Brodsko-posavska;Slavonski Brod-Posavina;Bukovlje;3.108;1.524;1.584;587;2.521;587;852;309;1.360;-;587;956;1.406;159;-;2.727;1.380;1.347;386;2.341
Brodsko-posavska;Slavonski Brod-Posavina;Cernik;3.640;1.813;1.827;595;3.045;595;773;428;1.844;-;595;1.500;1.372;173;-;2.964;1.479;1.485;383;2.581
Brodsko-posavska;Slavonski Brod-Posavina;Davor;3.015;1.541;1.474;564;2.451;564;704;266;1.481;-;564;1.401;964;83;3;2.529;1.279;1.250;394;2.135
Brodsko-posavska;Slavonski Brod-Posavina;Donji Andrijevci;3.709;1.853;1.856;618;3.091;618;965;332;1.794;-;618;1.374;1.557;160;-;3.059;1.517;1.542;469;2.590
Brodsko-posavska;Slavonski Brod-Posavina;Dragalić;1.361;701;660;253;1.108;253;283;164;661;-;253;515;538;55;-;1.058;538;520;158;900
Brodsko-posavska;Slavonski Brod-Posavina;Garčin;4.806;2.436;2.370;809;3.997;809;1.186;427;2.384;-;809;1.841;1.957;198;1;3.951;1.998;1.953;560;3.391
Brodsko-posavska;Slavonski Brod-Posavina;Gornja Vrba;2.512;1.252;1.260;513;1.999;513;641;245;1.113;-;513;857;1.046;96;-;2.168;1.116;1.052;332;1.836
Brodsko-posavska;Slavonski Brod-Posavina;Gornji Bogićevci;1.975;1.002;973;324;1.651;324;384;264;1.003;-;324;939;649;62;1;1.428;714;714;182;1.246
Brodsko-posavska;Slavonski Brod-Posavina;Gundinci;2.027;1.025;1.002;462;1.565;462;404;142;1.019;-;462;988;519;58;-;1.610;830;780;280;1.330
Brodsko-posavska;Slavonski Brod-Posavina;Klakar;2.319;1.149;1.170;410;1.909;410;664;212;1.033;-;410;825;972;112;-;2.020;1.025;995;321;1.699
Brodsko-posavska;Slavonski Brod-Posavina;Nova Gradiška;14.229;6.717;7.512;2.275;11.954;2.275;3.766;1.587;6.601;-;2.275;3.960;6.485;1.491;18;11.690;5.434;6.256;1.562;10.128
Brodsko-posavska;Slavonski Brod-Posavina;Nova Kapela;4.227;2.056;2.171;684;3.543;684;1.070;336;2.137;-;684;1.827;1.524;191;1;3.393;1.648;1.745;446;2.947
Brodsko-posavska;Slavonski Brod-Posavina;Okučani;3.447;1.656;1.791;570;2.877;570;575;506;1.796;-;570;1.559;1.197;119;2;2.323;1.134;1.189;312;2.011
Brodsko-posavska;Slavonski Brod-Posavina;Oprisavci;2.508;1.232;1.276;464;2.044;464;731;224;1.089;-;464;1.096;848;99;1;1.968;977;991;237;1.731
Brodsko-posavska;Slavonski Brod-Posavina;Oriovac;5.824;2.814;3.010;964;4.860;964;1.543;530;2.786;1;964;2.096;2.458;306;-;4.770;2.319;2.451;696;4.074
Brodsko-posavska;Slavonski Brod-Posavina;Podcrkavlje;2.553;1.245;1.308;466;2.087;466;642;255;1.190;-;466;998;971;117;1;2.207;1.098;1.109;343;1.864
Brodsko-posavska;Slavonski Brod-Posavina;Rešetari;4.753;2.346;2.407;822;3.931;822;1.052;533;2.345;1;822;1.862;1.872;197;-;3.852;1.903;1.949;513;3.339
Brodsko-posavska;Slavonski Brod-Posavina;Sibinj;6.895;3.395;3.500;1.152;5.743;1.152;1.794;608;3.341;-;1.152;2.348;3.050;343;2;5.730;2.844;2.886;835;4.895
Brodsko-posavska;Slavonski Brod-Posavina;Sikirevci;2.476;1.230;1.246;547;1.929;547;590;175;1.164;-;547;1.008;840;81;-;2.028;998;1.030;359;1.669
Brodsko-posavska;Slavonski Brod-Posavina;Slavonski Brod;59.141;28.209;30.932;9.689;49.452;9.689;17.541;5.500;26.388;23;9.689;13.947;27.935;7.506;64;49.891;23.752;26.139;7.054;42.837
Brodsko-posavska;Slavonski Brod-Posavina;Slavonski Šamac;2.169;1.089;1.080;434;1.735;434;594;183;956;2;434;945;710;78;2;1.576;815;761;199;1.377
Brodsko-posavska;Slavonski Brod-Posavina;Stara Gradiška;1.363;659;704;208;1.155;208;260;142;753;-;208;569;529;57;-;911;442;469;75;836
Brodsko-posavska;Slavonski Brod-Posavina;Staro Petrovo Selo;5.186;2.577;2.609;847;4.339;847;1.058;588;2.693;-;847;2.267;1.880;192;-;4.110;2.090;2.020;567;3.543
Brodsko-posavska;Slavonski Brod-Posavina;Velika Kopanica;3.308;1.650;1.658;589;2.719;589;740;314;1.665;-;589;1.560;1.035;124;-;2.621;1.291;1.330;425;2.196
Brodsko-posavska;Slavonski Brod-Posavina;Vrbje;2.215;1.078;1.137;362;1.853;362;361;252;1.240;-;362;1.181;630;40;2;1.691;837;854;242;1.449
Brodsko-posavska;Slavonski Brod-Posavina;Vrpolje;3.521;1.754;1.767;691;2.830;691;890;324;1.616;-;691;1.452;1.245;133;-;2.818;1.404;1.414;411;2.407
Zadarska;Zadar;Benkovac;11.026;5.548;5.478;2.043;8.983;2.043;2.664;695;5.621;3;2.043;4.120;4.341;506;16;9.680;4.867;4.813;1.310;8.370
Zadarska;Zadar;Bibinje;3.985;1.993;1.992;788;3.197;788;1.136;335;1.726;-;788;1.119;1.798;279;1;3.962;1.984;1.978;722;3.240
Zadarska;Zadar;Biograd na Moru;5.569;2.743;2.826;979;4.590;979;1.828;299;2.450;13;979;1.177;2.670;737;6;5.601;2.725;2.876;898;4.703
Zadarska;Zadar;Galovac;1.234;618;616;233;1.001;233;366;73;562;-;233;406;553;42;-;1.258;634;624;199;1.059
Zadarska;Zadar;Gračac;4.690;2.358;2.332;759;3.931;759;1.014;531;2.386;-;759;1.815;1.875;238;3;3.136;1.573;1.563;379;2.757
Zadarska;Zadar;Jasenice;1.398;706;692;223;1.175;223;391;118;666;-;223;472;606;95;2;1.348;683;665;177;1.171
Zadarska;Zadar;Kali;1.638;842;796;238;1.400;238;562;87;751;-;238;553;701;146;-;1.585;818;767;192;1.393
Zadarska;Zadar;Kolan;791;405;386;116;675;116;312;23;340;-;116;218;379;78;-;815;428;387;124;691
Zadarska;Zadar;Kukljica;714;360;354;69;645;69;206;53;385;1;69;281;304;60;-;628;318;310;45;583
Zadarska;Zadar;Lišane Ostrovičke;698;355;343;106;592;106;163;49;380;-;106;345;235;12;-;593;290;303;84;509
Zadarska;Zadar;Nin;2.744;1.354;1.390;404;2.340;404;797;211;1.331;1;404;856;1.233;251;-;2.705;1.347;1.358;373;2.332
Zadarska;Zadar;Novigrad;2.375;1.214;1.161;394;1.981;394;625;150;1.206;-;394;932;940;109;-;2.160;1.115;1.045;247;1.913
Zadarska;Zadar;Obrovac;4.323;2.174;2.149;632;3.691;632;899;445;2.346;1;632;1.564;1.816;300;11;3.453;1.762;1.691;343;3.110
Zadarska;Zadar;Pag;3.846;1.907;1.939;436;3.410;436;1.422;224;1.758;6;436;1.017;1.908;482;3;3.175;1.605;1.570;352;2.823
Zadarska;Zadar;Pakoštane;4.123;2.118;2.005;772;3.351;772;1.029;294;2.025;3;772;1.378;1.702;268;3;4.100;2.104;1.996;639;3.461
Zadarska;Zadar;Pašman;2.082;1.045;1.037;236;1.846;236;516;139;1.190;1;236;712;934;194;6;2.136;1.081;1.055;212;1.924
Zadarska;Zadar;Polača;1.468;738;730;245;1.223;245;373;103;746;1;245;549;600;74;-;1.389;715;674;195;1.194
Zadarska;Zadar;Poličnik;4.469;2.272;2.197;832;3.637;832;1.350;366;1.921;-;832;1.648;1.808;180;1;4.676;2.367;2.309;743;3.933
Zadarska;Zadar;Posedarje;3.607;1.841;1.766;575;3.032;575;981;217;1.834;-;575;1.313;1.515;203;1;3.430;1.723;1.707;486;2.944
Zadarska;Zadar;Povljana;759;380;379;78;681;78;237;33;411;-;78;286;307;88;-;669;333;336;75;594
Zadarska;Zadar;Preko;3.805;1.998;1.807;335;3.470;335;1.021;162;1.878;409;335;956;1.734;368;412;3.556;1.797;1.759;383;3.173
Zadarska;Zadar;Privlaka;2.253;1.115;1.138;284;1.969;284;581;130;1.235;23;284;749;980;197;43;2.128;1.051;1.077;252;1.876
Zadarska;Zadar;Ražanac;2.940;1.503;1.437;381;2.559;381;770;151;1.637;1;381;1.164;1.171;223;1;2.746;1.400;1.346;357;2.389
Zadarska;Zadar;Sali;1.698;857;841;142;1.556;142;478;42;1.036;-;142;687;699;170;-;1.746;885;861;140;1.606
Zadarska;Zadar;Stankovci;2.003;1.008;995;351;1.652;351;494;72;1.086;-;351;813;762;76;1;1.831;928;903;248;1.583
Zadarska;Zadar;Starigrad;1.876;933;943;241;1.635;241;478;40;1.116;1;241;603;917;114;1;1.697;852;845;183;1.514
Zadarska;Zadar;Sukošan;4.583;2.314;2.269;775;3.808;775;1.339;350;2.117;2;775;1.326;2.078;397;7;4.665;2.360;2.305;745;3.920
Zadarska;Zadar;Sveti Filip i Jakov;4.606;2.264;2.342;764;3.842;764;1.366;311;2.161;4;764;1.452;2.016;365;9;4.461;2.179;2.282;658;3.803
Zadarska;Zadar;Škabrnja;1.776;884;892;370;1.406;370;540;105;761;-;370;588;738;79;1;1.661;847;814;265;1.396
Zadarska;Zadar;Tkon;763;387;376;126;637;126;217;36;384;-;126;253;322;62;-;748;367;381;124;624
Zadarska;Zadar;Vir;3.000;1.516;1.484;362;2.638;362;756;175;1.703;4;362;816;1.535;285;2;3.045;1.476;1.569;328;2.717
Zadarska;Zadar;Vrsi;2.053;1.027;1.026;306;1.747;306;567;140;1.040;-;306;744;862;140;1;2.045;995;1.050;249;1.796
Zadarska;Zadar;Zadar;75.062;35.733;39.329;11.965;63.097;11.965;26.665;5.499;30.911;22;11.965;13.683;35.103;14.244;67;70.779;33.513;37.266;11.210;59.569
Zadarska;Zadar;Zemunik Donji;2.060;994;1.066;277;1.783;277;610;137;1.036;-;277;711;955;117;-;2.159;1.071;1.088;327;1.832
Osječko-baranjska;Osijek-Baranja;Antunovac;3.703;1.802;1.901;668;3.035;668;1.215;272;1.548;-;668;1.224;1.609;200;2;3.411;1.685;1.726;546;2.865
Osječko-baranjska;Osijek-Baranja;Beli Manastir;10.068;4.712;5.356;1.436;8.632;1.436;2.965;1.303;4.363;1;1.436;2.886;4.661;1.075;10;7.973;3.733;4.240;994;6.979
Osječko-baranjska;Osijek-Baranja;Belišće;10.825;5.286;5.539;1.704;9.121;1.704;3.178;1.079;4.864;-;1.704;3.516;4.709;895;1;8.884;4.310;4.574;1.233;7.651
Osječko-baranjska;Osijek-Baranja;Bilje;5.642;2.803;2.839;936;4.706;936;1.956;455;2.294;1;936;1.841;2.381;484;-;4.772;2.382;2.390;642;4.130
Osječko-baranjska;Osijek-Baranja;Bizovac;4.507;2.194;2.313;660;3.847;660;1.370;417;2.060;-;660;1.641;1.946;257;3;3.733;1.850;1.883;476;3.257
Osječko-baranjska;Osijek-Baranja;Čeminac;2.909;1.432;1.477;437;2.472;437;875;196;1.401;-;437;1.135;1.231;106;-;2.484;1.246;1.238;328;2.156
Osječko-baranjska;Osijek-Baranja;Čepin;11.599;5.636;5.963;1.789;9.810;1.789;3.735;878;5.195;2;1.789;3.625;5.383;801;1;9.665;4.659;5.006;1.324;8.341
Osječko-baranjska;Osijek-Baranja;Darda;6.908;3.353;3.555;1.149;5.759;1.149;1.912;937;2.909;1;1.149;2.405;2.941;406;7;5.427;2.636;2.791;773;4.654
Osječko-baranjska;Osijek-Baranja;Donja Motičina;1.652;801;851;287;1.365;287;434;150;781;-;287;679;641;44;1;1.334;662;672;190;1.144
Osječko-baranjska;Osijek-Baranja;Donji Miholjac;9.491;4.642;4.849;1.336;8.155;1.336;3.064;946;4.145;-;1.336;3.164;4.100;888;3;8.031;3.965;4.066;1.156;6.875
Osječko-baranjska;Osijek-Baranja;Draž;2.767;1.337;1.430;326;2.441;326;722;261;1.458;-;326;1.313;993;135;-;1.949;959;990;192;1.757
Osječko-baranjska;Osijek-Baranja;Drenje;2.700;1.336;1.364;504;2.196;504;539;209;1.448;-;504;1.377;761;58;-;2.126;1.081;1.045;312;1.814
Osječko-baranjska;Osijek-Baranja;Đakovo;27.745;13.598;14.147;4.739;23.006;4.739;8.065;2.079;12.857;5;4.739;8.190;12.223;2.574;19;23.577;11.440;12.137;3.332;20.245
Osječko-baranjska;Osijek-Baranja;Đurđenovac;6.750;3.417;3.333;1.045;5.705;1.045;1.755;573;3.377;-;1.045;2.560;2.782;362;1;5.332;2.678;2.654;667;4.665
Osječko-baranjska;Osijek-Baranja;Erdut;7.308;3.534;3.774;947;6.361;947;1.945;702;3.714;-;947;2.876;3.087;397;1;5.436;2.616;2.820;575;4.861
Osječko-baranjska;Osijek-Baranja;Ernestinovo;2.189;1.033;1.156;358;1.831;358;665;164;1.001;1;358;740;986;105;-;1.948;919;1.029;289;1.659
Osječko-baranjska;Osijek-Baranja;Feričanci;2.134;1.064;1.070;309;1.825;309;571;143;1.111;-;309;754;948;123;-;1.725;831;894;241;1.484
Osječko-baranjska;Osijek-Baranja;Gorjani;1.591;789;802;244;1.347;244;376;144;827;-;244;725;569;53;-;1.246;611;635;162;1.084
Osječko-baranjska;Osijek-Baranja;Jagodnjak;2.023;962;1.061;333;1.690;333;392;235;1.063;-;333;987;651;52;-;1.500;730;770;216;1.284
Osječko-baranjska;Osijek-Baranja;Kneževi Vinogradi;4.614;2.239;2.375;656;3.958;656;1.298;419;2.239;2;656;1.975;1.724;256;3;3.357;1.639;1.718;422;2.935
Osječko-baranjska;Osijek-Baranja;Koška;3.980;1.974;2.006;691;3.289;691;1.031;334;1.924;-;691;1.613;1.537;139;-;3.169;1.579;1.590;465;2.704
Osječko-baranjska;Osijek-Baranja;Levanjska Varoš;1.194;596;598;187;1.007;187;165;96;746;-;187;664;315;27;1;767;379;388;84;683
Osječko-baranjska;Osijek-Baranja;Magadenovac;1.936;961;975;290;1.646;290;479;217;950;-;290;950;635;61;-;1.579;802;777;214;1.365
Osječko-baranjska;Osijek-Baranja;Marijanci;2.405;1.238;1.167;385;2.020;385;729;217;1.074;-;385;1.100;847;73;-;1.951;1.006;945;293;1.658
Osječko-baranjska;Osijek-Baranja;Našice;16.224;7.863;8.361;2.679;13.545;2.679;5.289;1.531;6.724;1;2.679;4.689;7.030;1.823;3;14.291;6.953;7.338;2.186;12.105
Osječko-baranjska;Osijek-Baranja;Osijek;108.048;50.357;57.691;15.326;92.722;15.326;38.786;8.206;45.695;35;15.326;22.730;50.654;19.264;74;96.313;44.960;51.353;12.873;83.440
Osječko-baranjska;Osijek-Baranja;Petlovac;2.405;1.207;1.198;377;2.028;377;648;234;1.146;-;377;1.090;848;88;2;1.874;947;927;268;1.606
Osječko-baranjska;Osijek-Baranja;Petrijevci;2.870;1.426;1.444;418;2.452;418;838;229;1.382;3;418;934;1.339;176;3;2.485;1.224;1.261;310;2.175
Osječko-baranjska;Osijek-Baranja;Podgorač;2.877;1.413;1.464;502;2.375;502;649;283;1.441;2;502;1.316;987;70;2;2.455;1.226;1.229;423;2.032
Osječko-baranjska;Osijek-Baranja;Podravska Moslavina;1.202;597;605;203;999;203;284;137;578;-;203;571;400;27;1;954;471;483;124;830
Osječko-baranjska;Osijek-Baranja;Popovac;2.084;1.017;1.067;298;1.786;298;479;271;1.035;1;298;964;759;63;-;1.446;688;758;159;1.287
Osječko-baranjska;Osijek-Baranja;Punitovci;1.803;928;875;335;1.468;335;506;161;801;-;335;788;623;57;-;1.562;779;783;241;1.321
Osječko-baranjska;Osijek-Baranja;Satnica Đakovačka;2.123;1.082;1.041;374;1.749;374;524;243;982;-;374;845;828;76;-;1.775;913;862;279;1.496
Osječko-baranjska;Osijek-Baranja;Semeljci;4.362;2.200;2.162;847;3.515;847;1.008;408;2.096;3;847;1.886;1.469;148;12;3.558;1.819;1.739;593;2.965
Osječko-baranjska;Osijek-Baranja;Strizivojna;2.525;1.271;1.254;518;2.007;518;687;232;1.088;-;518;1.051;869;87;-;2.027;1.021;1.006;332;1.695
Osječko-baranjska;Osijek-Baranja;Šodolovci;1.653;779;874;188;1.465;188;495;112;858;-;188;729;659;77;-;1.217;597;620;155;1.062
Osječko-baranjska;Osijek-Baranja;Trnava;1.600;803;797;267;1.333;267;333;114;886;-;267;802;477;54;-;1.251;638;613;198;1.053
Osječko-baranjska;Osijek-Baranja;Valpovo;11.563;5.697;5.866;1.821;9.742;1.821;3.596;1.080;5.066;-;1.821;3.394;5.226;1.118;4;9.784;4.732;5.052;1.378;8.406
Osječko-baranjska;Osijek-Baranja;Viljevo;2.065;1.025;1.040;324;1.741;324;458;274;1.009;-;324;1.041;645;55;-;1.626;818;808;214;1.412
Osječko-baranjska;Osijek-Baranja;Viškovci;1.906;953;953;397;1.509;397;449;119;941;-;397;777;686;46;-;1.496;744;752;190;1.306
Osječko-baranjska;Osijek-Baranja;Vladislavci;1.882;943;939;294;1.588;294;481;212;895;-;294;872;665;51;-;1.552;794;758;226;1.326
Osječko-baranjska;Osijek-Baranja;Vuka;1.200;591;609;222;978;222;354;91;533;-;222;485;466;27;-;984;479;505;141;843
Šibensko-kninska;Šibenik-Knin;Bilice;2.307;1.147;1.160;372;1.935;372;777;150;1.008;-;372;533;1.209;188;5;2.546;1.259;1.287;404;2.142
Šibensko-kninska;Šibenik-Knin;Biskupija;1.699;828;871;136;1.563;136;194;154;1.215;-;136;808;653;102;-;1.177;602;575;81;1.096
Šibensko-kninska;Šibenik-Knin;Civljane;239;119;120;11;228;11;14;10;204;-;11;186;40;2;-;171;86;85;16;155
Šibensko-kninska;Šibenik-Knin;Drniš;7.498;3.717;3.781;1.130;6.368;1.130;2.060;423;3.884;1;1.130;2.317;3.354;697;-;6.276;3.178;3.098;754;5.522
Šibensko-kninska;Šibenik-Knin;Ervenik;1.105;559;546;46;1.059;46;127;35;897;-;46;579;408;72;-;789;428;361;46;743
Šibensko-kninska;Šibenik-Knin;Kijevo;417;203;214;34;383;34;81;1;301;-;34;241;132;9;1;272;134;138;12;260
Šibensko-kninska;Šibenik-Knin;Kistanje;3.481;1.713;1.768;506;2.975;506;315;443;2.217;-;506;1.877;938;160;-;2.650;1.377;1.273;336;2.314
Šibensko-kninska;Šibenik-Knin;Knin;15.407;7.628;7.779;2.746;12.661;2.746;3.981;1.584;7.093;3;2.746;4.185;7.145;1.328;3;11.633;5.732;5.901;1.537;10.096
Šibensko-kninska;Šibenik-Knin;Murter-Kornati;2.044;1.018;1.026;301;1.743;301;596;86;1.061;-;301;506;998;239;-;1.934;959;975;261;1.673
Šibensko-kninska;Šibenik-Knin;Pirovac;1.930;977;953;243;1.687;243;484;112;1.091;-;243;515;921;182;69;1.606;821;785;166;1.440
Šibensko-kninska;Šibenik-Knin;Primošten;2.828;1.411;1.417;342;2.486;342;811;132;1.543;-;342;783;1.425;278;-;2.627;1.330;1.297;328;2.299
Šibensko-kninska;Šibenik-Knin;Promina;1.136;528;608;138;998;138;224;52;720;2;138;510;410;77;1;943;460;483;90;853
Šibensko-kninska;Šibenik-Knin;Rogoznica;2.345;1.178;1.167;239;2.106;239;575;114;1.417;-;239;774;1.085;247;-;2.106;1.074;1.032;219;1.887
Šibensko-kninska;Šibenik-Knin;Ružić;1.591;789;802;223;1.368;223;363;46;959;-;223;757;573;38;-;1.283;651;632;171;1.112
Šibensko-kninska;Šibenik-Knin;Skradin;3.825;1.920;1.905;485;3.340;485;811;258;2.271;-;485;1.784;1.411;145;-;3.349;1.758;1.591;336;3.013
Šibensko-kninska;Šibenik-Knin;Šibenik;46.332;22.408;23.924;6.387;39.945;6.387;16.100;2.966;20.873;6;6.387;10.224;22.655;7.060;6;42.599;20.502;22.097;5.667;36.932
Šibensko-kninska;Šibenik-Knin;Tisno;3.094;1.536;1.558;377;2.717;377;1.005;152;1.560;-;377;914;1.475;327;1;2.908;1.421;1.487;355;2.553
Šibensko-kninska;Šibenik-Knin;Tribunj;1.536;758;778;212;1.324;212;456;88;780;-;212;475;711;138;-;1.594;770;824;236;1.358
Šibensko-kninska;Šibenik-Knin;Unešić;1.686;790;896;176;1.510;176;400;55;1.055;-;176;947;491;71;1;1.269;642;627;117;1.152
Šibensko-kninska;Šibenik-Knin;Vodice;8.875;4.369;4.506;1.346;7.529;1.346;2.606;775;4.145;3;1.346;2.119;4.353;1.045;12;8.649;4.268;4.381;1.147;7.502
Vukovarsko-srijemska;Vukovar-Srijem;Andrijaševci;4.075;1.967;2.108;838;3.237;838;1.141;340;1.756;-;838;1.366;1.697;174;-;3.441;1.677;1.764;569;2.872
Vukovarsko-srijemska;Vukovar-Srijem;Babina Greda;3.572;1.780;1.792;716;2.856;716;1.007;324;1.525;-;716;1.691;1.078;86;1;2.762;1.389;1.373;460;2.302
Vukovarsko-srijemska;Vukovar-Srijem;Bogdanovci;1.960;943;1.017;291;1.669;291;563;210;895;1;291;879;708;82;-;1.545;755;790;199;1.346
Vukovarsko-srijemska;Vukovar-Srijem;Borovo;5.056;2.391;2.665;747;4.309;747;1.190;642;2.477;-;747;1.760;2.248;300;1;3.555;1.677;1.878;401;3.154
Vukovarsko-srijemska;Vukovar-Srijem;Bošnjaci;3.901;1.935;1.966;671;3.230;671;946;499;1.784;1;671;1.666;1.336;227;1;2.868;1.423;1.445;398;2.470
Vukovarsko-srijemska;Vukovar-Srijem;Cerna;4.595;2.311;2.284;915;3.680;915;1.168;467;2.045;-;915;1.723;1.790;167;-;3.712;1.873;1.839;587;3.125
Vukovarsko-srijemska;Vukovar-Srijem;Drenovci;5.174;2.592;2.582;857;4.317;857;1.150;645;2.517;5;857;2.572;1.585;153;7;3.662;1.818;1.844;472;3.190
Vukovarsko-srijemska;Vukovar-Srijem;Gradište;2.773;1.373;1.400;539;2.234;539;686;299;1.249;-;539;1.123;986;124;1;2.227;1.128;1.099;346;1.881
Vukovarsko-srijemska;Vukovar-Srijem;Gunja;3.732;1.764;1.968;570;3.162;570;735;524;1.903;-;570;1.650;1.349;160;3;2.600;1.212;1.388;295;2.305
Vukovarsko-srijemska;Vukovar-Srijem;Ilok;6.767;3.284;3.483;1.036;5.731;1.036;1.991;453;3.285;2;1.036;2.529;2.736;449;17;5.045;2.428;2.617;583;4.462
Vukovarsko-srijemska;Vukovar-Srijem;Ivankovo;8.006;3.943;4.063;1.656;6.350;1.656;2.167;655;3.523;5;1.656;2.795;3.213;334;8;6.543;3.221;3.322;1.081;5.462
Vukovarsko-srijemska;Vukovar-Srijem;Jarmina;2.458;1.207;1.251;482;1.976;482;673;142;1.161;-;482;911;983;81;1;2.016;978;1.038;294;1.722
Vukovarsko-srijemska;Vukovar-Srijem;Lovas;1.214;576;638;165;1.049;165;378;50;621;-;165;506;486;57;-;980;476;504;152;828
Vukovarsko-srijemska;Vukovar-Srijem;Markušica;2.555;1.205;1.350;329;2.226;329;486;280;1.460;-;329;1.066;1.013;146;1;1.773;860;913;199;1.574
Vukovarsko-srijemska;Vukovar-Srijem;Negoslavci;1.463;673;790;172;1.291;172;378;99;814;-;172;600;606;85;-;983;465;518;119;864
Vukovarsko-srijemska;Vukovar-Srijem;Nijemci;4.705;2.358;2.347;814;3.891;814;1.083;297;2.511;-;814;2.279;1.466;138;8;3.526;1.749;1.777;490;3.036
Vukovarsko-srijemska;Vukovar-Srijem;Nuštar;5.793;2.850;2.943;1.085;4.708;1.085;1.522;517;2.664;5;1.085;1.800;2.529;372;7;4.861;2.395;2.466;666;4.195
Vukovarsko-srijemska;Vukovar-Srijem;Otok;6.343;3.119;3.224;1.188;5.155;1.188;1.562;557;3.036;-;1.188;2.494;2.418;240;3;4.899;2.448;2.451;706;4.193
Vukovarsko-srijemska;Vukovar-Srijem;Privlaka;2.954;1.473;1.481;551;2.403;551;779;267;1.357;-;551;1.156;1.125;120;2;2.192;1.095;1.097;302;1.890
Vukovarsko-srijemska;Vukovar-Srijem;Stari Jankovci;4.405;2.156;2.249;734;3.671;734;1.054;387;2.229;1;734;1.824;1.639;204;4;3.271;1.603;1.668;455;2.816
Vukovarsko-srijemska;Vukovar-Srijem;Stari Mikanovci;2.956;1.467;1.489;567;2.389;567;785;225;1.379;-;567;1.109;1.148;132;-;2.419;1.170;1.249;344;2.075
Vukovarsko-srijemska;Vukovar-Srijem;Štitar;2.129;1.100;1.029;400;1.729;400;546;232;951;-;400;946;710;73;-;1.552;803;749;224;1.328
Vukovarsko-srijemska;Vukovar-Srijem;Tompojevci;1.565;736;829;191;1.374;191;379;132;862;1;191;759;538;77;-;1.116;538;578;113;1.003
Vukovarsko-srijemska;Vukovar-Srijem;Tordinci;2.032;991;1.041;392;1.640;392;570;123;947;-;392;828;728;81;3;1.657;837;820;236;1.421
Vukovarsko-srijemska;Vukovar-Srijem;Tovarnik;2.775;1.376;1.399;472;2.303;472;835;202;1.266;-;472;1.055;1.089;158;1;2.067;1.042;1.025;295;1.772
Vukovarsko-srijemska;Vukovar-Srijem;Trpinja;5.572;2.712;2.860;714;4.858;714;1.413;436;3.009;-;714;2.479;2.085;293;1;4.167;2.013;2.154;496;3.671
Vukovarsko-srijemska;Vukovar-Srijem;Vinkovci;35.312;16.871;18.441;6.324;28.988;6.324;11.263;3.017;14.704;4;6.324;8.029;16.368;4.564;27;30.842;14.677;16.165;4.798;26.044
Vukovarsko-srijemska;Vukovar-Srijem;Vođinci;1.966;967;999;424;1.542;424;532;162;848;-;424;692;760;90;-;1.634;808;826;301;1.333
Vukovarsko-srijemska;Vukovar-Srijem;Vrbanja;3.940;1.922;2.018;690;3.250;690;994;327;1.929;-;690;1.935;1.201;114;-;2.870;1.427;1.443;355;2.515
Vukovarsko-srijemska;Vukovar-Srijem;Vukovar;27.683;12.741;14.942;3.872;23.811;3.872;7.424;2.615;13.765;7;3.872;7.055;13.307;3.443;6;23.175;10.803;12.372;3.046;20.129
Vukovarsko-srijemska;Vukovar-Srijem;Županja;12.090;5.899;6.191;2.049;10.041;2.049;3.494;1.301;5.221;25;2.049;3.353;5.251;1.365;72;9.153;4.453;4.700;1.184;7.969
Splitsko-dalmatinska;Split-Dalmatia;Baška Voda;2.775;1.352;1.423;460;2.315;460;826;114;1.375;-;460;517;1.445;353;-;2.590;1.257;1.333;326;2.264
Splitsko-dalmatinska;Split-Dalmatia;Bol;1.630;787;843;193;1.437;193;643;86;708;-;193;341;862;234;-;1.678;820;858;265;1.413
Splitsko-dalmatinska;Split-Dalmatia;Brela;1.703;813;890;246;1.457;246;621;88;748;-;246;352;869;236;-;1.626;781;845;206;1.420
Splitsko-dalmatinska;Split-Dalmatia;Cista Provo;2.335;1.154;1.181;344;1.991;344;490;158;1.343;-;344;1.077;816;98;-;1.799;908;891;201;1.598
Splitsko-dalmatinska;Split-Dalmatia;Dicmo;2.802;1.433;1.369;571;2.231;571;764;204;1.263;-;571;897;1.228;106;-;2.805;1.408;1.397;451;2.354
Splitsko-dalmatinska;Split-Dalmatia;Dugi Rat;7.092;3.494;3.598;1.280;5.812;1.280;2.310;553;2.949;-;1.280;1.555;3.416;837;4;6.876;3.370;3.506;1.070;5.806
Splitsko-dalmatinska;Split-Dalmatia;Dugopolje;3.469;1.735;1.734;660;2.809;660;1.167;258;1.384;-;660;967;1.645;197;-;3.742;1.859;1.883;694;3.048
Splitsko-dalmatinska;Split-Dalmatia;Gradac;3.261;1.543;1.718;471;2.790;471;830;226;1.733;1;471;626;1.666;498;-;2.401;1.153;1.248;247;2.154
Splitsko-dalmatinska;Split-Dalmatia;Hrvace;3.617;1.828;1.789;612;3.005;612;836;267;1.902;-;612;1.255;1.595;155;-;3.144;1.624;1.520;394;2.750
Splitsko-dalmatinska;Split-Dalmatia;Hvar;4.251;2.018;2.233;622;3.629;622;1.675;196;1.758;-;622;795;2.210;624;-;3.979;1.882;2.097;556;3.423
Splitsko-dalmatinska;Split-Dalmatia;Imotski;10.764;5.230;5.534;2.493;8.271;2.493;2.520;1.104;4.646;1;2.493;2.276;4.739;1.254;2;9.153;4.508;4.645;1.608;7.545
Splitsko-dalmatinska;Split-Dalmatia;Jelsa;3.582;1.818;1.764;447;3.135;447;1.205;245;1.685;-;447;985;1.637;513;-;3.501;1.778;1.723;476;3.025
Splitsko-dalmatinska;Split-Dalmatia;Kaštela;38.667;19.073;19.594;6.999;31.668;6.999;13.325;3.431;14.903;9;6.999;8.296;18.816;4.444;112;37.794;18.443;19.351;6.123;31.671
Splitsko-dalmatinska;Split-Dalmatia;Klis;4.801;2.407;2.394;828;3.973;828;1.622;340;2.011;-;828;1.239;2.330;401;3;5.226;2.621;2.605;849;4.377
Splitsko-dalmatinska;Split-Dalmatia;Komiža;1.526;757;769;181;1.345;181;506;99;740;-;181;499;691;155;-;1.394;731;663;135;1.259
Splitsko-dalmatinska;Split-Dalmatia;Lećevica;583;298;285;59;524;59;123;33;368;-;59;306;202;16;-;495;263;232;51;444
Splitsko-dalmatinska;Split-Dalmatia;Lokvičići;807;406;401;163;644;163;137;56;451;-;163;356;270;18;-;667;336;331;80;587
Splitsko-dalmatinska;Split-Dalmatia;Lovreć;1.699;842;857;242;1.457;242;387;119;951;-;242;743;617;97;-;1.402;720;682;153;1.249
Splitsko-dalmatinska;Split-Dalmatia;Makarska;13.834;6.618;7.216;2.278;11.556;2.278;4.862;774;5.919;1;2.278;2.432;7.036;2.046;42;13.301;6.274;7.027;2.015;11.286
Splitsko-dalmatinska;Split-Dalmatia;Marina;4.595;2.347;2.248;611;3.984;611;1.224;344;2.416;-;611;1.670;2.019;291;4;4.273;2.169;2.104;569;3.704
Splitsko-dalmatinska;Split-Dalmatia;Milna;1.034;550;484;118;916;118;347;71;497;1;118;350;453;112;1;931;471;460;112;819
Splitsko-dalmatinska;Split-Dalmatia;Muć;3.882;1.949;1.933;591;3.291;591;1.126;179;1.985;1;591;1.661;1.497;94;39;3.465;1.804;1.661;503;2.962
Splitsko-dalmatinska;Split-Dalmatia;Nerežišća;862;431;431;97;765;97;362;45;358;-;97;356;353;56;-;878;444;434;134;744
Splitsko-dalmatinska;Split-Dalmatia;Okrug;3.349;1.647;1.702;501;2.848;501;876;272;1.698;2;501;683;1.703;455;7;2.995;1.472;1.523;334;2.661
Splitsko-dalmatinska;Split-Dalmatia;Omiš;14.936;7.447;7.489;2.533;12.403;2.533;4.560;1.372;6.470;1;2.533;3.908;6.875;1.617;3;14.139;7.030;7.109;2.217;11.922
Splitsko-dalmatinska;Split-Dalmatia;Otok;5.474;2.788;2.686;1.089;4.385;1.089;1.318;612;2.452;3;1.089;1.791;2.364;226;4;4.998;2.529;2.469;828;4.170
Splitsko-dalmatinska;Split-Dalmatia;Podbablje;4.680;2.272;2.408;921;3.759;921;1.031;506;2.222;-;921;1.443;1.916;399;1;4.035;1.985;2.050;679;3.356
Splitsko-dalmatinska;Split-Dalmatia;Podgora;2.518;1.233;1.285;307;2.211;307;689;181;1.341;-;307;521;1.315;375;-;2.233;1.101;1.132;258;1.975
Splitsko-dalmatinska;Split-Dalmatia;Podstrana;9.129;4.601;4.528;1.857;7.272;1.857;3.273;665;3.333;1;1.857;1.636;4.168;1.434;34;10.403;5.205;5.198;1.851;8.552
Splitsko-dalmatinska;Split-Dalmatia;Postira;1.559;791;768;224;1.335;224;608;75;652;-;224;487;674;173;1;1.538;787;751;210;1.328
Splitsko-dalmatinska;Split-Dalmatia;Prgomet;673;324;349;82;591;82;265;40;286;-;82;358;195;36;2;498;257;241;29;469
Splitsko-dalmatinska;Split-Dalmatia;Primorski Dolac;770;378;392;126;644;126;243;42;359;-;126;339;283;20;2;686;339;347;89;597
Splitsko-dalmatinska;Split-Dalmatia;Proložac;3.802;1.828;1.974;791;3.011;791;738;490;1.781;2;791;1.244;1.517;247;3;3.112;1.542;1.570;500;2.612
Splitsko-dalmatinska;Split-Dalmatia;Pučišća;2.171;1.117;1.054;345;1.826;345;670;80;1.076;-;345;717;955;154;-;1.926;980;946;250;1.676
Splitsko-dalmatinska;Split-Dalmatia;Runovići;2.416;1.222;1.194;422;1.994;422;506;233;1.255;-;422;844;939;211;-;1.968;986;982;281;1.687
Splitsko-dalmatinska;Split-Dalmatia;Seget;4.854;2.393;2.461;744;4.110;744;1.509;354;2.246;1;744;1.348;2.250;506;6;4.511;2.211;2.300;619;3.892
Splitsko-dalmatinska;Split-Dalmatia;Selca;1.804;924;880;240;1.564;240;519;80;965;-;240;540;862;162;-;1.613;825;788;178;1.435
Splitsko-dalmatinska;Split-Dalmatia;Sinj;24.826;12.313;12.513;4.456;20.370;4.456;7.142;2.503;10.723;2;4.456;5.730;12.128;2.506;6;23.452;11.608;11.844;3.560;19.892
Splitsko-dalmatinska;Split-Dalmatia;Solin;23.926;11.752;12.174;4.715;19.211;4.715;9.042;1.789;8.378;2;4.715;4.523;11.779;2.902;7;24.862;12.187;12.675;4.561;20.301
Splitsko-dalmatinska;Split-Dalmatia;Split;178.102;84.477;93.625;26.665;151.437;26.665;63.561;13.662;74.180;34;26.665;27.947;84.144;39.149;197;160.577;75.583;84.994;22.690;137.887
Splitsko-dalmatinska;Split-Dalmatia;Stari Grad;2.781;1.391;1.390;343;2.438;343;1.101;176;1.161;-;343;716;1.395;327;-;2.772;1.361;1.411;365;2.407
Splitsko-dalmatinska;Split-Dalmatia;Sućuraj;463;227;236;35;428;35;112;43;273;-;35;179;195;54;-;426;218;208;33;393
Splitsko-dalmatinska;Split-Dalmatia;Supetar;4.074;1.954;2.120;506;3.568;506;1.488;285;1.795;-;506;877;2.101;588;2;4.325;2.076;2.249;583;3.742
Splitsko-dalmatinska;Split-Dalmatia;Sutivan;822;407;415;92;730;92;307;35;388;-;92;166;425;139;-;936;471;465;117;819
Splitsko-dalmatinska;Split-Dalmatia;Šestanovac;1.958;982;976;257;1.701;257;452;207;1.042;-;257;857;744;100;-;1.669;853;816;189;1.480
Splitsko-dalmatinska;Split-Dalmatia;Šolta;1.700;879;821;127;1.573;127;405;131;1.037;-;127;492;815;266;-;1.975;1.022;953;148;1.827
Splitsko-dalmatinska;Split-Dalmatia;Trilj;9.109;4.605;4.504;1.794;7.315;1.794;2.173;566;4.561;15;1.794;3.116;3.758;405;36;8.182;4.127;4.055;1.198;6.984
Splitsko-dalmatinska;Split-Dalmatia;Trogir;13.192;6.365;6.827;2.107;11.085;2.107;4.379;1.175;5.525;6;2.107;2.787;6.506;1.736;56;12.393;5.917;6.476;1.794;10.599
Splitsko-dalmatinska;Split-Dalmatia;Tučepi;1.931;970;961;318;1.613;318;535;230;848;-;318;430;935;248;-;1.819;869;950;227;1.592
Splitsko-dalmatinska;Split-Dalmatia;Vis;1.934;943;991;232;1.702;232;591;88;1.023;-;232;487;944;270;1;1.918;924;994;197;1.721
Splitsko-dalmatinska;Split-Dalmatia;Vrgorac;6.572;3.327;3.245;1.163;5.409;1.163;1.927;490;2.992;-;1.163;1.937;2.945;527;-;5.698;2.880;2.818;876;4.822
Splitsko-dalmatinska;Split-Dalmatia;Vrlika;2.177;1.109;1.068;268;1.909;268;643;89;1.177;-;268;1.038;775;95;1;1.728;889;839;122;1.606
Splitsko-dalmatinska;Split-Dalmatia;Zadvarje;289;144;145;22;267;22;88;13;166;-;22;97;137;33;-;289;136;153;41;248
Splitsko-dalmatinska;Split-Dalmatia;Zagvozd;1.188;582;606;150;1.038;150;265;86;687;-;150;562;425;51;-;957;485;472;134;823
Splitsko-dalmatinska;Split-Dalmatia;Zmijavci;2.048;1.020;1.028;434;1.614;434;488;158;968;-;434;545;864;204;1;1.654;820;834;243;1.411
Istarska;Istria;Bale - Valle;1.127;553;574;148;979;148;470;57;452;-;148;391;479;109;-;1.170;590;580;178;992
Istarska;Istria;Barban;2.721;1.305;1.416;331;2.390;331;1.106;107;1.177;-;331;843;1.271;276;-;2.491;1.190;1.301;329;2.162
Istarska;Istria;Brtonigla - Verteneglio;1.626;815;811;175;1.451;175;691;72;688;-;175;597;742;112;-;1.523;766;757;179;1.344
Istarska;Istria;Buje - Buie;5.182;2.530;2.652;641;4.541;641;2.193;350;1.994;4;641;1.416;2.486;636;3;4.441;2.159;2.282;547;3.894
Istarska;Istria;Buzet;6.133;3.049;3.084;844;5.289;844;2.811;256;2.220;2;844;1.802;2.702;783;2;5.999;2.968;3.031;834;5.165
Istarska;Istria;Cerovlje;1.677;839;838;254;1.423;254;636;52;733;2;254;637;680;105;1;1.453;723;730;176;1.277
Istarska;Istria;Fažana - Fasana;3.635;1.765;1.870;498;3.137;498;1.435;180;1.522;-;498;643;1.892;601;1;3.463;1.690;1.773;455;3.008
Istarska;Istria;Funtana - Fontane;907;455;452;123;784;123;340;42;402;-;123;182;472;130;-;911;453;458;124;787
Istarska;Istria;Gračišće;1.419;711;708;222;1.197;222;562;57;578;-;222;491;592;114;-;1.312;673;639;193;1.119
Istarska;Istria;Grožnjan - Grisignana;736;357;379;84;652;84;270;19;363;-;84;332;255;65;-;656;317;339;81;575
Istarska;Istria;Kanfanar;1.543;768;775;225;1.318;225;646;67;604;1;225;416;744;158;-;1.498;752;746;212;1.286
Istarska;Istria;Karojba;1.438;713;725;241;1.197;241;571;46;580;-;241;494;615;88;-;1.404;686;718;216;1.188
Istarska;Istria;Kaštelir - Labinci - Castelliere-S. Domenica;1.463;734;729;223;1.240;223;566;76;598;-;223;414;683;143;-;1.493;743;750;239;1.254
Istarska;Istria;Kršan;2.951;1.468;1.483;324;2.627;324;1.165;82;1.374;6;324;899;1.473;249;6;2.829;1.405;1.424;354;2.475
Istarska;Istria;Labin;11.642;5.700;5.942;1.352;10.290;1.352;4.543;829;4.907;11;1.352;2.778;5.618;1.877;17;10.424;5.049;5.375;1.201;9.223
Istarska;Istria;Lanišće;329;172;157;30;299;30;102;10;187;-;30;146;129;24;-;268;140;128;25;243
Istarska;Istria;Ližnjan - Lisignano;3.965;2.027;1.938;589;3.376;589;1.620;213;1.539;4;589;779;2.055;539;3;4.087;2.000;2.087;565;3.522
Istarska;Istria;Lupoglav;924;479;445;123;801;123;337;56;408;-;123;340;391;70;-;836;439;397;96;740
Istarska;Istria;Marčana;4.253;2.088;2.165;597;3.656;597;1.613;186;1.853;4;597;1.081;2.111;461;3;4.250;2.068;2.182;544;3.706
Istarska;Istria;Medulin;6.481;3.173;3.308;906;5.575;906;2.470;358;2.744;3;906;881;3.248;1.446;-;6.552;3.187;3.365;835;5.717
Istarska;Istria;Motovun - Montona;1.004;493;511;126;878;126;351;39;488;-;126;415;377;86;-;912;480;432;108;804
Istarska;Istria;Novigrad - Cittanova;4.345;2.050;2.295;574;3.771;574;1.831;213;1.726;1;574;1.113;2.132;526;-;3.889;1.793;2.096;503;3.386
Istarska;Istria;Oprtalj - Portole;850;420;430;85;765;85;306;34;425;-;85;368;318;79;-;748;358;390;85;663
Istarska;Istria;Pazin;8.638;4.293;4.345;1.144;7.494;1.144;3.607;413;3.470;4;1.144;2.348;3.871;1.274;1;8.279;4.072;4.207;1.176;7.103
Istarska;Istria;Pićan;1.827;907;920;241;1.586;241;710;66;810;-;241;647;793;145;1;1.722;851;871;231;1.491
Istarska;Istria;Poreč - Parenzo;16.696;7.987;8.709;2.457;14.239;2.457;6.847;1.038;6.350;4;2.457;3.162;8.494;2.567;16;16.607;7.983;8.624;2.410;14.197
Istarska;Istria;Pula - Pola;57.460;27.550;29.910;7.596;49.864;7.596;22.069;3.670;24.029;96;7.596;10.745;28.590;10.296;233;52.220;24.851;27.369;6.580;45.640
Istarska;Istria;Raša;3.183;1.520;1.663;339;2.844;339;1.170;263;1.411;-;339;1.053;1.499;292;-;2.809;1.373;1.436;307;2.502
Istarska;Istria;Rovinj - Rovigno;14.294;6.859;7.435;1.721;12.573;1.721;5.733;844;5.967;29;1.721;3.045;7.079;2.402;47;12.968;6.166;6.802;1.730;11.238
Istarska;Istria;Sveta Nedelja;2.987;1.475;1.512;346;2.641;346;1.145;183;1.313;-;346;846;1.509;286;-;2.898;1.434;1.464;363;2.535
Istarska;Istria;Sveti Lovreč;1.015;518;497;148;867;148;419;42;406;-;148;344;457;66;-;960;471;489;119;841
Istarska;Istria;Sveti Petar u Šumi;1.065;505;560;186;879;186;438;28;413;-;186;368;427;84;-;1.051;510;541;171;880
Istarska;Istria;Svetvinčenat;2.202;1.106;1.096;271;1.931;271;834;127;970;-;271;671;1.098;162;-;2.179;1.103;1.076;313;1.866
Istarska;Istria;Tar-Vabriga - Torre-Abrega;1.990;987;1.003;287;1.703;287;920;122;661;-;287;531;998;174;-;2.148;1.042;1.106;321;1.827
Istarska;Istria;Tinjan;1.684;828;856;246;1.438;246;659;62;717;-;246;607;677;154;-;1.729;875;854;277;1.452
Istarska;Istria;Umag - Umago;13.467;6.497;6.970;1.760;11.707;1.760;5.776;839;5.071;21;1.760;3.052;6.677;1.959;19;12.699;6.066;6.633;1.813;10.886
Istarska;Istria;Višnjan - Visignano;2.274;1.133;1.141;332;1.942;332;897;105;940;-;332;774;991;177;-;2.096;1.044;1.052;287;1.809
Istarska;Istria;Vižinada - Visinada;1.158;582;576;173;985;173;498;12;475;-;173;402;485;98;-;1.142;579;563;176;966
Istarska;Istria;Vodnjan - Dignano;6.119;3.011;3.108;999;5.120;999;2.219;472;2.429;-;999;1.754;2.807;559;-;5.838;2.861;2.977;903;4.935
Istarska;Istria;Vrsar - Orsera;2.162;1.076;1.086;320;1.842;320;888;92;861;1;320;545;1.102;194;1;1.923;940;983;251;1.672
Istarska;Istria;Žminj;3.483;1.664;1.819;535;2.948;535;1.432;126;1.389;1;535;1.056;1.583;308;1;3.360;1.633;1.727;528;2.832
Dubrovačko-neretvanska;Dubrovnik-Neretva;Blato;3.593;1.698;1.895;540;3.053;540;1.671;132;1.247;3;540;1.051;1.621;375;6;3.330;1.587;1.743;475;2.855
Dubrovačko-neretvanska;Dubrovnik-Neretva;Dubrovačko primorje;2.170;1.060;1.110;329;1.841;329;720;88;1.032;1;329;709;927;202;3;1.636;829;807;198;1.438
Dubrovačko-neretvanska;Dubrovnik-Neretva;Dubrovnik;42.615;20.143;22.472;6.360;36.255;6.360;16.554;2.127;17.555;19;6.360;6.908;19.972;9.242;133;41.562;19.577;21.985;6.332;35.230
Dubrovačko-neretvanska;Dubrovnik-Neretva;Janjina;551;266;285;45;506;45;224;21;261;-;45;181;229;96;-;522;272;250;36;486
Dubrovačko-neretvanska;Dubrovnik-Neretva;Konavle;8.577;4.270;4.307;1.415;7.162;1.415;3.373;482;3.307;-;1.415;1.995;3.923;1.244;-;8.607;4.227;4.380;1.500;7.107
Dubrovačko-neretvanska;Dubrovnik-Neretva;Korčula;5.663;2.812;2.851;827;4.836;827;2.317;413;2.104;2;827;1.176;2.755;905;-;5.415;2.684;2.731;789;4.626
Dubrovačko-neretvanska;Dubrovnik-Neretva;Kula Norinska;1.748;854;894;309;1.439;309;429;147;863;-;309;538;789;112;-;1.414;724;690;179;1.235
Dubrovačko-neretvanska;Dubrovnik-Neretva;Lastovo;792;404;388;104;688;104;256;61;371;-;104;227;350;111;-;748;384;364;97;651
Dubrovačko-neretvanska;Dubrovnik-Neretva;Lumbarda;1.213;616;597;191;1.022;191;513;74;435;-;191;225;648;149;-;1.209;614;595;192;1.017
Dubrovačko-neretvanska;Dubrovnik-Neretva;Metković;16.788;8.302;8.486;3.495;13.293;3.495;4.647;1.540;7.105;1;3.495;3.606;7.749;1.934;4;15.235;7.518;7.717;2.607;12.628
Dubrovačko-neretvanska;Dubrovnik-Neretva;Mljet;1.088;541;547;121;967;121;338;43;586;-;121;377;478;112;-;1.062;545;517;119;943
Dubrovačko-neretvanska;Dubrovnik-Neretva;Opuzen;3.254;1.609;1.645;558;2.696;558;1.084;201;1.411;-;558;813;1.473;410;-;2.838;1.415;1.423;446;2.392
Dubrovačko-neretvanska;Dubrovnik-Neretva;Orebić;4.122;2.041;2.081;617;3.505;617;1.819;153;1.533;-;617;1.017;1.870;618;-;3.705;1.862;1.843;529;3.176
Dubrovačko-neretvanska;Dubrovnik-Neretva;Ploče;10.135;5.054;5.081;1.599;8.536;1.599;3.099;783;4.644;10;1.599;2.269;4.870;1.394;3;8.220;4.034;4.186;1.162;7.058
Dubrovačko-neretvanska;Dubrovnik-Neretva;Pojezerje;991;501;490;178;813;178;247;58;508;-;178;380;394;39;-;943;474;469;139;804
Dubrovačko-neretvanska;Dubrovnik-Neretva;Slivno;1.999;980;1.019;302;1.697;302;582;111;1.004;-;302;639;835;223;-;2.046;1.218;828;175;1.871
Dubrovačko-neretvanska;Dubrovnik-Neretva;Smokvica;916;454;462;123;793;123;411;62;320;-;123;314;375;104;-;868;441;427;136;732
Dubrovačko-neretvanska;Dubrovnik-Neretva;Ston;2.407;1.188;1.219;372;2.035;372;762;107;1.166;-;372;778;1.044;212;1;2.491;1.388;1.103;326;2.165
Dubrovačko-neretvanska;Dubrovnik-Neretva;Trpanj;721;344;377;94;627;94;255;41;331;-;94;189;297;141;-;683;347;336;64;619
Dubrovačko-neretvanska;Dubrovnik-Neretva;Vela Luka;4.137;1.968;2.169;598;3.539;598;1.473;303;1.763;-;598;1.090;2.004;443;2;3.772;1.822;1.950;482;3.290
Dubrovačko-neretvanska;Dubrovnik-Neretva;Zažablje;757;396;361;127;630;127;176;103;351;-;127;299;298;33;-;553;302;251;63;490
Dubrovačko-neretvanska;Dubrovnik-Neretva;Župa dubrovačka;8.331;4.120;4.211;1.615;6.716;1.615;3.493;397;2.826;-;1.615;1.469;4.108;1.122;17;8.705;4.281;4.424;1.682;7.023
Međimurska;Međimurje;Belica;3.176;1.524;1.652;466;2.710;466;1.252;205;1.253;-;466;1.271;1.303;136;-;2.822;1.368;1.454;378;2.444
Međimurska;Međimurje;Čakovec;27.104;12.983;14.121;4.493;22.611;4.493;10.646;1.645;10.312;8;4.493;6.251;12.086;4.269;5;27.122;13.005;14.117;4.330;22.792
Međimurska;Međimurje;Dekanovec;774;365;409;127;647;127;270;48;329;-;127;295;315;37;-;739;353;386;109;630
Međimurska;Međimurje;Domašinec;2.251;1.069;1.182;420;1.831;420;746;95;990;-;420;915;831;85;-;1.923;922;1.001;253;1.670
Međimurska;Međimurje;Donja Dubrava;1.920;942;978;251;1.669;251;707;88;872;2;251;650;900;119;-;1.658;815;843;195;1.463
Međimurska;Međimurje;Donji Kraljevec;4.659;2.221;2.438;659;4.000;659;1.781;184;2.015;20;659;1.517;2.097;348;38;4.043;1.953;2.090;543;3.500
Međimurska;Međimurje;Donji Vidovec;1.399;693;706;196;1.203;196;489;78;636;-;196;562;568;73;-;1.197;611;586;173;1.024
Međimurska;Međimurje;Goričan;2.823;1.388;1.435;426;2.397;426;1.042;150;1.205;-;426;1.007;1.260;130;-;2.343;1.181;1.162;304;2.039
Međimurska;Međimurje;Gornji Mihaljevec;1.917;934;983;290;1.627;290;719;79;829;-;290;809;741;77;-;1.740;838;902;236;1.504
Međimurska;Međimurje;Kotoriba;3.224;1.635;1.589;576;2.648;576;1.047;239;1.362;-;576;1.102;1.368;178;-;2.938;1.500;1.438;499;2.439
Međimurska;Međimurje;Mala Subotica;5.452;2.662;2.790;1.085;4.367;1.085;1.815;300;2.252;-;1.085;1.971;2.141;255;-;4.344;2.137;2.207;925;3.419
Međimurska;Međimurje;Mursko Središće;6.307;3.096;3.211;1.070;5.237;1.070;2.253;364;2.619;1;1.070;1.937;2.817;480;3;5.855;2.877;2.978;936;4.919
Međimurska;Međimurje;Nedelišće;11.975;5.843;6.132;2.284;9.691;2.284;4.435;590;4.665;1;2.284;3.623;5.211;855;2;11.017;5.390;5.627;2.019;8.998
Međimurska;Međimurje;Orehovica;2.685;1.328;1.357;594;2.091;594;720;178;1.189;4;594;1.278;731;78;4;2.720;1.361;1.359;665;2.055
Međimurska;Međimurje;Podturen;3.873;1.964;1.909;671;3.202;671;1.271;265;1.666;-;671;1.517;1.554;131;-;3.517;1.732;1.785;564;2.953
Međimurska;Međimurje;Prelog;7.815;3.867;3.948;1.204;6.611;1.204;3.101;415;3.093;2;1.204;2.457;3.538;601;15;7.027;3.486;3.541;1.038;5.989
Međimurska;Međimurje;Pribislavec;3.136;1.514;1.622;734;2.402;734;1.050;298;1.054;-;734;958;1.282;162;-;2.963;1.449;1.514;719;2.244
Međimurska;Međimurje;Selnica;2.991;1.531;1.460;498;2.493;498;1.030;191;1.271;1;498;1.054;1.289;128;22;2.636;1.346;1.290;367;2.269
Međimurska;Međimurje;Strahoninec;2.682;1.308;1.374;399;2.283;399;1.101;123;1.059;-;399;690;1.361;232;-;2.598;1.256;1.342;391;2.207
Međimurska;Međimurje;Sveta Marija;2.317;1.149;1.168;339;1.978;339;946;127;905;-;339;833;1.013;130;2;1.990;1.013;977;251;1.739
Međimurska;Međimurje;Sveti Juraj na Bregu;5.090;2.545;2.545;847;4.243;847;1.950;361;1.932;-;847;1.673;2.258;312;-;4.929;2.437;2.492;781;4.148
Međimurska;Međimurje;Sveti Martin na Muri;2.605;1.302;1.303;408;2.197;408;1.006;136;1.055;-;408;953;1.105;138;1;2.391;1.173;1.218;349;2.042
Međimurska;Međimurje;Šenkovec;2.879;1.404;1.475;477;2.402;477;1.204;157;1.041;-;477;641;1.370;391;-;2.708;1.310;1.398;372;2.336
Međimurska;Međimurje;Štrigova;2.766;1.356;1.410;390;2.376;390;934;147;1.290;5;390;1.213;973;123;67;2.357;1.162;1.195;281;2.076
Međimurska;Međimurje;Vratišinec;1.984;978;1.006;317;1.667;317;738;106;823;-;317;676;912;79;-;1.673;845;828;208;1.465
Grad Zagreb;City of Zagreb;Grad Zagreb/ City of Zagreb;790.017;369.339;420.678;116.059;673.958;116.059;322.256;43.447;307.802;453;116.059;124.892;352.791;195.326;949;767.131;358.616;408.515;116.644;650.487
